id	difficulty	title	tags
1	Easy	Two Sum	Array,Hash Table
2	Medium	Add Two Numbers	Recursion,Linked List,Math
3	Medium	Longest Substring Without Repeating Characters	Hash Table,String,Sliding Window
4	Hard	Median of Two Sorted Arrays	Array,Binary Search,Divide and Conquer
5	Medium	Longest Palindromic Substring	Two Pointers,String,Dynamic Programming
6	Medium	Zigzag Conversion	String
7	Medium	Reverse Integer	Math
8	Medium	String to Integer (atoi)	String
9	Easy	Palindrome Number	Math
10	Hard	Regular Expression Matching	Recursion,String,Dynamic Programming
11	Medium	Container With Most Water	Greedy,Array,Two Pointers
12	Medium	Integer to Roman	Hash Table,Math,String
13	Easy	Roman to Integer	Hash Table,Math,String
14	Easy	Longest Common Prefix	Trie,Array,String
15	Medium	3Sum	Array,Two Pointers,Sorting
16	Medium	3Sum Closest	Array,Two Pointers,Sorting
17	Medium	Letter Combinations of a Phone Number	Hash Table,String,Backtracking
18	Medium	4Sum	Array,Two Pointers,Sorting
19	Medium	Remove Nth Node From End of List	Linked List,Two Pointers
20	Easy	Valid Parentheses	Stack,String
21	Easy	Merge Two Sorted Lists	Recursion,Linked List
22	Medium	Generate Parentheses	String,Dynamic Programming,Backtracking
23	Hard	Merge k Sorted Lists	Linked List,Divide and Conquer,Heap (Priority Queue),Merge Sort
24	Medium	Swap Nodes in Pairs	Recursion,Linked List
25	Hard	Reverse Nodes in k-Group	Recursion,Linked List
26	Easy	Remove Duplicates from Sorted Array	Array,Two Pointers
27	Easy	Remove Element	Array,Two Pointers
28	Easy	Find the Index of the First Occurrence in a String	Two Pointers,String,String Matching
29	Medium	Divide Two Integers	Bit Manipulation,Math
30	Hard	Substring with Concatenation of All Words	Hash Table,String,Sliding Window
31	Medium	Next Permutation	Array,Two Pointers
32	Hard	Longest Valid Parentheses	Stack,String,Dynamic Programming
33	Medium	Search in Rotated Sorted Array	Array,Binary Search
34	Medium	Find First and Last Position of Element in Sorted Array	Array,Binary Search
35	Easy	Search Insert Position	Array,Binary Search
36	Medium	Valid Sudoku	Array,Hash Table,Matrix
37	Hard	Sudoku Solver	Array,Hash Table,Backtracking,Matrix
38	Medium	Count and Say	String
39	Medium	Combination Sum	Array,Backtracking
40	Medium	Combination Sum II	Array,Backtracking
41	Hard	First Missing Positive	Array,Hash Table
42	Hard	Trapping Rain Water	Stack,Array,Two Pointers,Dynamic Programming,Monotonic Stack
43	Medium	Multiply Strings	Math,String,Simulation
44	Hard	Wildcard Matching	Greedy,Recursion,String,Dynamic Programming
45	Medium	Jump Game II	Greedy,Array,Dynamic Programming
46	Medium	Permutations	Array,Backtracking
47	Medium	Permutations II	Array,Backtracking,Sorting
48	Medium	Rotate Image	Array,Math,Matrix
49	Medium	Group Anagrams	Array,Hash Table,String,Sorting
50	Medium	Pow(x, n)	Recursion,Math
51	Hard	N-Queens	Array,Backtracking
52	Hard	N-Queens II	Backtracking
53	Medium	Maximum Subarray	Array,Divide and Conquer,Dynamic Programming
54	Medium	Spiral Matrix	Array,Matrix,Simulation
55	Medium	Jump Game	Greedy,Array,Dynamic Programming
56	Medium	Merge Intervals	Array,Sorting
57	Medium	Insert Interval	Array
58	Easy	Length of Last Word	String
59	Medium	Spiral Matrix II	Array,Matrix,Simulation
60	Hard	Permutation Sequence	Recursion,Math
61	Medium	Rotate List	Linked List,Two Pointers
62	Medium	Unique Paths	Math,Dynamic Programming,Combinatorics
63	Medium	Unique Paths II	Array,Dynamic Programming,Matrix
64	Medium	Minimum Path Sum	Array,Dynamic Programming,Matrix
65	Hard	Valid Number	String
66	Easy	Plus One	Array,Math
67	Easy	Add Binary	Bit Manipulation,Math,String,Simulation
68	Hard	Text Justification	Array,String,Simulation
69	Easy	Sqrt(x)	Math,Binary Search
70	Easy	Climbing Stairs	Memoization,Math,Dynamic Programming
71	Medium	Simplify Path	Stack,String
72	Medium	Edit Distance	String,Dynamic Programming
73	Medium	Set Matrix Zeroes	Array,Hash Table,Matrix
74	Medium	Search a 2D Matrix	Array,Binary Search,Matrix
75	Medium	Sort Colors	Array,Two Pointers,Sorting
76	Hard	Minimum Window Substring	Hash Table,String,Sliding Window
77	Medium	Combinations	Backtracking
78	Medium	Subsets	Bit Manipulation,Array,Backtracking
79	Medium	Word Search	Depth-First Search,Array,String,Backtracking,Matrix
80	Medium	Remove Duplicates from Sorted Array II	Array,Two Pointers
81	Medium	Search in Rotated Sorted Array II	Array,Binary Search
82	Medium	Remove Duplicates from Sorted List II	Linked List,Two Pointers
83	Easy	Remove Duplicates from Sorted List	Linked List
84	Hard	Largest Rectangle in Histogram	Stack,Array,Monotonic Stack
85	Hard	Maximal Rectangle	Stack,Array,Dynamic Programming,Matrix,Monotonic Stack
86	Medium	Partition List	Linked List,Two Pointers
87	Hard	Scramble String	String,Dynamic Programming
88	Easy	Merge Sorted Array	Array,Two Pointers,Sorting
89	Medium	Gray Code	Bit Manipulation,Math,Backtracking
90	Medium	Subsets II	Bit Manipulation,Array,Backtracking
91	Medium	Decode Ways	String,Dynamic Programming
92	Medium	Reverse Linked List II	Linked List
93	Medium	Restore IP Addresses	String,Backtracking
94	Easy	Binary Tree Inorder Traversal	Stack,Tree,Depth-First Search,Binary Tree
95	Medium	Unique Binary Search Trees II	Tree,Binary Search Tree,Dynamic Programming,Backtracking,Binary Tree
96	Medium	Unique Binary Search Trees	Tree,Binary Search Tree,Math,Dynamic Programming,Binary Tree
97	Medium	Interleaving String	String,Dynamic Programming
98	Medium	Validate Binary Search Tree	Tree,Depth-First Search,Binary Search Tree,Binary Tree
99	Medium	Recover Binary Search Tree	Tree,Depth-First Search,Binary Search Tree,Binary Tree
100	Easy	Same Tree	Tree,Depth-First Search,Breadth-First Search,Binary Tree
101	Easy	Symmetric Tree	Tree,Depth-First Search,Breadth-First Search,Binary Tree
102	Medium	Binary Tree Level Order Traversal	Tree,Breadth-First Search,Binary Tree
103	Medium	Binary Tree Zigzag Level Order Traversal	Tree,Breadth-First Search,Binary Tree
104	Easy	Maximum Depth of Binary Tree	Tree,Depth-First Search,Breadth-First Search,Binary Tree
105	Medium	Construct Binary Tree from Preorder and Inorder Traversal	Tree,Array,Hash Table,Divide and Conquer,Binary Tree
106	Medium	Construct Binary Tree from Inorder and Postorder Traversal	Tree,Array,Hash Table,Divide and Conquer,Binary Tree
107	Medium	Binary Tree Level Order Traversal II	Tree,Breadth-First Search,Binary Tree
108	Easy	Convert Sorted Array to Binary Search Tree	Tree,Binary Search Tree,Array,Divide and Conquer,Binary Tree
109	Medium	Convert Sorted List to Binary Search Tree	Tree,Binary Search Tree,Linked List,Divide and Conquer,Binary Tree
110	Easy	Balanced Binary Tree	Tree,Depth-First Search,Binary Tree
111	Easy	Minimum Depth of Binary Tree	Tree,Depth-First Search,Breadth-First Search,Binary Tree
112	Easy	Path Sum	Tree,Depth-First Search,Breadth-First Search,Binary Tree
113	Medium	Path Sum II	Tree,Depth-First Search,Backtracking,Binary Tree
114	Medium	Flatten Binary Tree to Linked List	Stack,Tree,Depth-First Search,Linked List,Binary Tree
115	Hard	Distinct Subsequences	String,Dynamic Programming
116	Medium	Populating Next Right Pointers in Each Node	Tree,Depth-First Search,Breadth-First Search,Linked List,Binary Tree
117	Medium	Populating Next Right Pointers in Each Node II	Tree,Depth-First Search,Breadth-First Search,Linked List,Binary Tree
118	Easy	Pascal's Triangle	Array,Dynamic Programming
119	Easy	Pascal's Triangle II	Array,Dynamic Programming
120	Medium	Triangle	Array,Dynamic Programming
121	Easy	Best Time to Buy and Sell Stock	Array,Dynamic Programming
122	Medium	Best Time to Buy and Sell Stock II	Greedy,Array,Dynamic Programming
123	Hard	Best Time to Buy and Sell Stock III	Array,Dynamic Programming
124	Hard	Binary Tree Maximum Path Sum	Tree,Depth-First Search,Dynamic Programming,Binary Tree
125	Easy	Valid Palindrome	Two Pointers,String
126	Hard	Word Ladder II	Breadth-First Search,Hash Table,String,Backtracking
127	Hard	Word Ladder	Breadth-First Search,Hash Table,String
128	Medium	Longest Consecutive Sequence	Union Find,Array,Hash Table
129	Medium	Sum Root to Leaf Numbers	Tree,Depth-First Search,Binary Tree
130	Medium	Surrounded Regions	Depth-First Search,Breadth-First Search,Union Find,Array,Matrix
131	Medium	Palindrome Partitioning	String,Dynamic Programming,Backtracking
132	Hard	Palindrome Partitioning II	String,Dynamic Programming
133	Medium	Clone Graph	Depth-First Search,Breadth-First Search,Graph,Hash Table
134	Medium	Gas Station	Greedy,Array
135	Hard	Candy	Greedy,Array
136	Easy	Single Number	Bit Manipulation,Array
137	Medium	Single Number II	Bit Manipulation,Array
138	Medium	Copy List with Random Pointer	Hash Table,Linked List
139	Medium	Word Break	Trie,Memoization,Array,Hash Table,String,Dynamic Programming
140	Hard	Word Break II	Trie,Memoization,Array,Hash Table,String,Dynamic Programming,Backtracking
141	Easy	Linked List Cycle	Hash Table,Linked List,Two Pointers
142	Medium	Linked List Cycle II	Hash Table,Linked List,Two Pointers
143	Medium	Reorder List	Stack,Recursion,Linked List,Two Pointers
144	Easy	Binary Tree Preorder Traversal	Stack,Tree,Depth-First Search,Binary Tree
145	Easy	Binary Tree Postorder Traversal	Stack,Tree,Depth-First Search,Binary Tree
146	Medium	LRU Cache	Design,Hash Table,Linked List,Doubly-Linked List
147	Medium	Insertion Sort List	Linked List,Sorting
148	Medium	Sort List	Linked List,Two Pointers,Divide and Conquer,Sorting,Merge Sort
149	Hard	Max Points on a Line	Geometry,Array,Hash Table,Math
150	Medium	Evaluate Reverse Polish Notation	Stack,Array,Math
151	Medium	Reverse Words in a String	Two Pointers,String
152	Medium	Maximum Product Subarray	Array,Dynamic Programming
153	Medium	Find Minimum in Rotated Sorted Array	Array,Binary Search
154	Hard	Find Minimum in Rotated Sorted Array II	Array,Binary Search
155	Medium	Min Stack	Stack,Design
156	Medium	Binary Tree Upside Down	Tree,Depth-First Search,Binary Tree
157	Easy	Read N Characters Given Read4	Array,Interactive,Simulation
158	Hard	Read N Characters Given read4 II - Call Multiple Times	Array,Interactive,Simulation
159	Medium	Longest Substring with At Most Two Distinct Characters	Hash Table,String,Sliding Window
160	Easy	Intersection of Two Linked Lists	Hash Table,Linked List,Two Pointers
161	Medium	One Edit Distance	Two Pointers,String
162	Medium	Find Peak Element	Array,Binary Search
163	Easy	Missing Ranges	Array
164	Medium	Maximum Gap	Array,Bucket Sort,Radix Sort,Sorting
165	Medium	Compare Version Numbers	Two Pointers,String
166	Medium	Fraction to Recurring Decimal	Hash Table,Math,String
167	Medium	Two Sum II - Input Array Is Sorted	Array,Two Pointers,Binary Search
168	Easy	Excel Sheet Column Title	Math,String
169	Easy	Majority Element	Array,Hash Table,Divide and Conquer,Counting,Sorting
170	Easy	Two Sum III - Data structure design	Design,Array,Hash Table,Two Pointers,Data Stream
171	Easy	Excel Sheet Column Number	Math,String
172	Medium	Factorial Trailing Zeroes	Math
173	Medium	Binary Search Tree Iterator	Stack,Tree,Design,Binary Search Tree,Binary Tree,Iterator
174	Hard	Dungeon Game	Array,Dynamic Programming,Matrix
175	Easy	Combine Two Tables	Database
176	Medium	Second Highest Salary	Database
177	Medium	Nth Highest Salary	Database
178	Medium	Rank Scores	Database
179	Medium	Largest Number	Greedy,Array,String,Sorting
180	Medium	Consecutive Numbers	Database
181	Easy	Employees Earning More Than Their Managers	Database
182	Easy	Duplicate Emails	Database
183	Easy	Customers Who Never Order	Database
184	Medium	Department Highest Salary	Database
185	Hard	Department Top Three Salaries	Database
186	Medium	Reverse Words in a String II	Two Pointers,String
187	Medium	Repeated DNA Sequences	Bit Manipulation,Hash Table,String,Sliding Window,Hash Function,Rolling Hash
188	Hard	Best Time to Buy and Sell Stock IV	Array,Dynamic Programming
189	Medium	Rotate Array	Array,Math,Two Pointers
190	Easy	Reverse Bits	Bit Manipulation,Divide and Conquer
191	Easy	Number of 1 Bits	Bit Manipulation,Divide and Conquer
192	Medium	Word Frequency	Shell
193	Easy	Valid Phone Numbers	Shell
194	Medium	Transpose File	Shell
195	Easy	Tenth Line	Shell
196	Easy	Delete Duplicate Emails	Database
197	Easy	Rising Temperature	Database
198	Medium	House Robber	Array,Dynamic Programming
199	Medium	Binary Tree Right Side View	Tree,Depth-First Search,Breadth-First Search,Binary Tree
200	Medium	Number of Islands	Depth-First Search,Breadth-First Search,Union Find,Array,Matrix
201	Medium	Bitwise AND of Numbers Range	Bit Manipulation
202	Easy	Happy Number	Hash Table,Math,Two Pointers
203	Easy	Remove Linked List Elements	Recursion,Linked List
204	Medium	Count Primes	Array,Math,Enumeration,Number Theory
205	Easy	Isomorphic Strings	Hash Table,String
206	Easy	Reverse Linked List	Recursion,Linked List
207	Medium	Course Schedule	Depth-First Search,Breadth-First Search,Graph,Topological Sort
208	Medium	Implement Trie (Prefix Tree)	Design,Trie,Hash Table,String
209	Medium	Minimum Size Subarray Sum	Array,Binary Search,Prefix Sum,Sliding Window
210	Medium	Course Schedule II	Depth-First Search,Breadth-First Search,Graph,Topological Sort
211	Medium	Design Add and Search Words Data Structure	Depth-First Search,Design,Trie,String
212	Hard	Word Search II	Trie,Array,String,Backtracking,Matrix
213	Medium	House Robber II	Array,Dynamic Programming
214	Hard	Shortest Palindrome	String,String Matching,Hash Function,Rolling Hash
215	Medium	Kth Largest Element in an Array	Array,Divide and Conquer,Quickselect,Sorting,Heap (Priority Queue)
216	Medium	Combination Sum III	Array,Backtracking
217	Easy	Contains Duplicate	Array,Hash Table,Sorting
218	Hard	The Skyline Problem	Binary Indexed Tree,Segment Tree,Array,Divide and Conquer,Ordered Set,Sorting,Sweep Line,Heap (Priority Queue)
219	Easy	Contains Duplicate II	Array,Hash Table,Sliding Window
220	Hard	Contains Duplicate III	Array,Bucket Sort,Ordered Set,Sorting,Sliding Window
221	Medium	Maximal Square	Array,Dynamic Programming,Matrix
222	Easy	Count Complete Tree Nodes	Bit Manipulation,Tree,Binary Search,Binary Tree
223	Medium	Rectangle Area	Geometry,Math
224	Hard	Basic Calculator	Stack,Recursion,Math,String
225	Easy	Implement Stack using Queues	Stack,Design,Queue
226	Easy	Invert Binary Tree	Tree,Depth-First Search,Breadth-First Search,Binary Tree
227	Medium	Basic Calculator II	Stack,Math,String
228	Easy	Summary Ranges	Array
229	Medium	Majority Element II	Array,Hash Table,Counting,Sorting
230	Medium	Kth Smallest Element in a BST	Tree,Depth-First Search,Binary Search Tree,Binary Tree
231	Easy	Power of Two	Bit Manipulation,Recursion,Math
232	Easy	Implement Queue using Stacks	Stack,Design,Queue
233	Hard	Number of Digit One	Recursion,Math,Dynamic Programming
234	Easy	Palindrome Linked List	Stack,Recursion,Linked List,Two Pointers
235	Medium	Lowest Common Ancestor of a Binary Search Tree	Tree,Depth-First Search,Binary Search Tree,Binary Tree
236	Medium	Lowest Common Ancestor of a Binary Tree	Tree,Depth-First Search,Binary Tree
237	Medium	Delete Node in a Linked List	Linked List
238	Medium	Product of Array Except Self	Array,Prefix Sum
239	Hard	Sliding Window Maximum	Queue,Array,Sliding Window,Monotonic Queue,Heap (Priority Queue)
240	Medium	Search a 2D Matrix II	Array,Binary Search,Divide and Conquer,Matrix
241	Medium	Different Ways to Add Parentheses	Recursion,Memoization,Math,String,Dynamic Programming
242	Easy	Valid Anagram	Hash Table,String,Sorting
243	Easy	Shortest Word Distance	Array,String
244	Medium	Shortest Word Distance II	Design,Array,Hash Table,Two Pointers,String
245	Medium	Shortest Word Distance III	Array,String
246	Easy	Strobogrammatic Number	Hash Table,Two Pointers,String
247	Medium	Strobogrammatic Number II	Recursion,Array,String
248	Hard	Strobogrammatic Number III	Recursion,Array,String
249	Medium	Group Shifted Strings	Array,Hash Table,String
250	Medium	Count Univalue Subtrees	Tree,Depth-First Search,Binary Tree
251	Medium	Flatten 2D Vector	Design,Array,Two Pointers,Iterator
252	Easy	Meeting Rooms	Array,Sorting
253	Medium	Meeting Rooms II	Greedy,Array,Two Pointers,Prefix Sum,Sorting,Heap (Priority Queue)
254	Medium	Factor Combinations	Backtracking
255	Medium	Verify Preorder Sequence in Binary Search Tree	Stack,Tree,Binary Search Tree,Recursion,Array,Binary Tree,Monotonic Stack
256	Medium	Paint House	Array,Dynamic Programming
257	Easy	Binary Tree Paths	Tree,Depth-First Search,String,Backtracking,Binary Tree
258	Easy	Add Digits	Math,Number Theory,Simulation
259	Medium	3Sum Smaller	Array,Two Pointers,Binary Search,Sorting
260	Medium	Single Number III	Bit Manipulation,Array
261	Medium	Graph Valid Tree	Depth-First Search,Breadth-First Search,Union Find,Graph
262	Hard	Trips and Users	Database
263	Easy	Ugly Number	Math
264	Medium	Ugly Number II	Hash Table,Math,Dynamic Programming,Heap (Priority Queue)
265	Hard	Paint House II	Array,Dynamic Programming
266	Easy	Palindrome Permutation	Bit Manipulation,Hash Table,String
267	Medium	Palindrome Permutation II	Hash Table,String,Backtracking
268	Easy	Missing Number	Bit Manipulation,Array,Hash Table,Math,Binary Search,Sorting
269	Hard	Alien Dictionary	Depth-First Search,Breadth-First Search,Graph,Topological Sort,Array,String
270	Easy	Closest Binary Search Tree Value	Tree,Depth-First Search,Binary Search Tree,Binary Search,Binary Tree
271	Medium	Encode and Decode Strings	Design,Array,String
272	Hard	Closest Binary Search Tree Value II	Stack,Tree,Depth-First Search,Binary Search Tree,Two Pointers,Binary Tree,Heap (Priority Queue)
273	Hard	Integer to English Words	Recursion,Math,String
274	Medium	H-Index	Array,Counting Sort,Sorting
275	Medium	H-Index II	Array,Binary Search
276	Medium	Paint Fence	Dynamic Programming
277	Medium	Find the Celebrity	Graph,Two Pointers,Interactive
278	Easy	First Bad Version	Binary Search,Interactive
279	Medium	Perfect Squares	Breadth-First Search,Math,Dynamic Programming
280	Medium	Wiggle Sort	Greedy,Array,Sorting
281	Medium	Zigzag Iterator	Design,Queue,Array,Iterator
282	Hard	Expression Add Operators	Math,String,Backtracking
283	Easy	Move Zeroes	Array,Two Pointers
284	Medium	Peeking Iterator	Design,Array,Iterator
285	Medium	Inorder Successor in BST	Tree,Depth-First Search,Binary Search Tree,Binary Tree
286	Medium	Walls and Gates	Breadth-First Search,Array,Matrix
287	Medium	Find the Duplicate Number	Bit Manipulation,Array,Two Pointers,Binary Search
288	Medium	Unique Word Abbreviation	Design,Array,Hash Table,String
289	Medium	Game of Life	Array,Matrix,Simulation
290	Easy	Word Pattern	Hash Table,String
291	Medium	Word Pattern II	Hash Table,String,Backtracking
292	Easy	Nim Game	Brainteaser,Math,Game Theory
293	Easy	Flip Game	String
294	Medium	Flip Game II	Memoization,Math,Dynamic Programming,Backtracking,Game Theory
295	Hard	Find Median from Data Stream	Design,Two Pointers,Data Stream,Sorting,Heap (Priority Queue)
296	Hard	Best Meeting Point	Array,Math,Matrix,Sorting
297	Hard	Serialize and Deserialize Binary Tree	Tree,Depth-First Search,Breadth-First Search,Design,String,Binary Tree
298	Medium	Binary Tree Longest Consecutive Sequence	Tree,Depth-First Search,Binary Tree
299	Medium	Bulls and Cows	Hash Table,String,Counting
300	Medium	Longest Increasing Subsequence	Array,Binary Search,Dynamic Programming
301	Hard	Remove Invalid Parentheses	Breadth-First Search,String,Backtracking
302	Hard	Smallest Rectangle Enclosing Black Pixels	Depth-First Search,Breadth-First Search,Array,Binary Search,Matrix
303	Easy	Range Sum Query - Immutable	Design,Array,Prefix Sum
304	Medium	Range Sum Query 2D - Immutable	Design,Array,Matrix,Prefix Sum
305	Hard	Number of Islands II	Union Find,Array,Hash Table
306	Medium	Additive Number	String,Backtracking
307	Medium	Range Sum Query - Mutable	Design,Binary Indexed Tree,Segment Tree,Array,Divide and Conquer
308	Medium	Range Sum Query 2D - Mutable	Design,Binary Indexed Tree,Segment Tree,Array,Matrix
309	Medium	Best Time to Buy and Sell Stock with Cooldown	Array,Dynamic Programming
310	Medium	Minimum Height Trees	Depth-First Search,Breadth-First Search,Graph,Topological Sort
311	Medium	Sparse Matrix Multiplication	Array,Hash Table,Matrix
312	Hard	Burst Balloons	Array,Dynamic Programming
313	Medium	Super Ugly Number	Array,Math,Dynamic Programming
314	Medium	Binary Tree Vertical Order Traversal	Tree,Depth-First Search,Breadth-First Search,Hash Table,Binary Tree,Sorting
315	Hard	Count of Smaller Numbers After Self	Binary Indexed Tree,Segment Tree,Array,Binary Search,Divide and Conquer,Ordered Set,Merge Sort
316	Medium	Remove Duplicate Letters	Stack,Greedy,String,Monotonic Stack
317	Hard	Shortest Distance from All Buildings	Breadth-First Search,Array,Matrix
318	Medium	Maximum Product of Word Lengths	Bit Manipulation,Array,String
319	Medium	Bulb Switcher	Brainteaser,Math
320	Medium	Generalized Abbreviation	Bit Manipulation,String,Backtracking
321	Hard	Create Maximum Number	Stack,Greedy,Array,Two Pointers,Monotonic Stack
322	Medium	Coin Change	Breadth-First Search,Array,Dynamic Programming
323	Medium	Number of Connected Components in an Undirected Graph	Depth-First Search,Breadth-First Search,Union Find,Graph
324	Medium	Wiggle Sort II	Greedy,Array,Divide and Conquer,Quickselect,Sorting
325	Medium	Maximum Size Subarray Sum Equals k	Array,Hash Table,Prefix Sum
326	Easy	Power of Three	Recursion,Math
327	Hard	Count of Range Sum	Binary Indexed Tree,Segment Tree,Array,Binary Search,Divide and Conquer,Ordered Set,Merge Sort
328	Medium	Odd Even Linked List	Linked List
329	Hard	Longest Increasing Path in a Matrix	Depth-First Search,Breadth-First Search,Graph,Topological Sort,Memoization,Array,Dynamic Programming,Matrix
330	Hard	Patching Array	Greedy,Array
331	Medium	Verify Preorder Serialization of a Binary Tree	Stack,Tree,String,Binary Tree
332	Hard	Reconstruct Itinerary	Depth-First Search,Graph,Array,String,Sorting,Eulerian Circuit,Heap (Priority Queue)
333	Medium	Largest BST Subtree	Tree,Depth-First Search,Binary Search Tree,Dynamic Programming,Binary Tree
334	Medium	Increasing Triplet Subsequence	Greedy,Array
335	Hard	Self Crossing	Geometry,Array,Math
336	Hard	Palindrome Pairs	Trie,Array,Hash Table,String,Hash Function
337	Medium	House Robber III	Tree,Depth-First Search,Dynamic Programming,Binary Tree
338	Easy	Counting Bits	Bit Manipulation,Dynamic Programming
339	Medium	Nested List Weight Sum	Depth-First Search,Breadth-First Search
340	Medium	Longest Substring with At Most K Distinct Characters	Hash Table,String,Sliding Window
341	Medium	Flatten Nested List Iterator	Stack,Tree,Depth-First Search,Design,Queue,Iterator
342	Easy	Power of Four	Bit Manipulation,Recursion,Math
343	Medium	Integer Break	Math,Dynamic Programming
344	Easy	Reverse String	Two Pointers,String
345	Easy	Reverse Vowels of a String	Two Pointers,String
346	Easy	Moving Average from Data Stream	Design,Queue,Array,Data Stream
347	Medium	Top K Frequent Elements	Array,Hash Table,Divide and Conquer,Bucket Sort,Counting,Quickselect,Sorting,Heap (Priority Queue)
348	Medium	Design Tic-Tac-Toe	Design,Array,Hash Table,Matrix,Simulation
349	Easy	Intersection of Two Arrays	Array,Hash Table,Two Pointers,Binary Search,Sorting
350	Easy	Intersection of Two Arrays II	Array,Hash Table,Two Pointers,Binary Search,Sorting
351	Medium	Android Unlock Patterns	Bit Manipulation,Dynamic Programming,Backtracking,Bitmask
352	Hard	Data Stream as Disjoint Intervals	Union Find,Design,Hash Table,Binary Search,Data Stream,Ordered Set
353	Medium	Design Snake Game	Design,Queue,Array,Hash Table,Simulation
354	Hard	Russian Doll Envelopes	Array,Binary Search,Dynamic Programming,Sorting
355	Medium	Design Twitter	Design,Hash Table,Linked List,Heap (Priority Queue)
356	Medium	Line Reflection	Array,Hash Table,Math
357	Medium	Count Numbers with Unique Digits	Math,Dynamic Programming,Backtracking
358	Hard	Rearrange String k Distance Apart	Greedy,Hash Table,String,Counting,Sorting,Heap (Priority Queue)
359	Easy	Logger Rate Limiter	Design,Hash Table,Data Stream
360	Medium	Sort Transformed Array	Array,Math,Two Pointers,Sorting
361	Medium	Bomb Enemy	Array,Dynamic Programming,Matrix
362	Medium	Design Hit Counter	Design,Queue,Array,Binary Search,Data Stream
363	Hard	Max Sum of Rectangle No Larger Than K	Array,Binary Search,Matrix,Ordered Set,Prefix Sum
364	Medium	Nested List Weight Sum II	Stack,Depth-First Search,Breadth-First Search
365	Medium	Water and Jug Problem	Depth-First Search,Breadth-First Search,Math
366	Medium	Find Leaves of Binary Tree	Tree,Depth-First Search,Binary Tree
367	Easy	Valid Perfect Square	Math,Binary Search
368	Medium	Largest Divisible Subset	Array,Math,Dynamic Programming,Sorting
369	Medium	Plus One Linked List	Linked List,Math
370	Medium	Range Addition	Array,Prefix Sum
371	Medium	Sum of Two Integers	Bit Manipulation,Math
372	Medium	Super Pow	Math,Divide and Conquer
373	Medium	Find K Pairs with Smallest Sums	Array,Heap (Priority Queue)
374	Easy	Guess Number Higher or Lower	Binary Search,Interactive
375	Medium	Guess Number Higher or Lower II	Math,Dynamic Programming,Game Theory
376	Medium	Wiggle Subsequence	Greedy,Array,Dynamic Programming
377	Medium	Combination Sum IV	Array,Dynamic Programming
378	Medium	Kth Smallest Element in a Sorted Matrix	Array,Binary Search,Matrix,Sorting,Heap (Priority Queue)
379	Medium	Design Phone Directory	Design,Queue,Array,Hash Table,Linked List
380	Medium	Insert Delete GetRandom O(1)	Design,Array,Hash Table,Math,Randomized
381	Hard	Insert Delete GetRandom O(1) - Duplicates allowed	Design,Array,Hash Table,Math,Randomized
382	Medium	Linked List Random Node	Reservoir Sampling,Linked List,Math,Randomized
383	Easy	Ransom Note	Hash Table,String,Counting
384	Medium	Shuffle an Array	Design,Array,Math,Randomized
385	Medium	Mini Parser	Stack,Depth-First Search,String
386	Medium	Lexicographical Numbers	Depth-First Search,Trie
387	Easy	First Unique Character in a String	Queue,Hash Table,String,Counting
388	Medium	Longest Absolute File Path	Stack,Depth-First Search,String
389	Easy	Find the Difference	Bit Manipulation,Hash Table,String,Sorting
390	Medium	Elimination Game	Recursion,Math
391	Hard	Perfect Rectangle	Geometry,Array,Hash Table,Math,Sweep Line
392	Easy	Is Subsequence	Two Pointers,String,Dynamic Programming
393	Medium	UTF-8 Validation	Bit Manipulation,Array
394	Medium	Decode String	Stack,Recursion,String
395	Medium	Longest Substring with At Least K Repeating Characters	Hash Table,String,Divide and Conquer,Sliding Window
396	Medium	Rotate Function	Array,Math,Dynamic Programming
397	Medium	Integer Replacement	Greedy,Bit Manipulation,Memoization,Dynamic Programming
398	Medium	Random Pick Index	Reservoir Sampling,Hash Table,Math,Randomized
399	Medium	Evaluate Division	Depth-First Search,Breadth-First Search,Union Find,Graph,Array,String,Shortest Path
400	Medium	Nth Digit	Math,Binary Search
401	Easy	Binary Watch	Bit Manipulation,Backtracking
402	Medium	Remove K Digits	Stack,Greedy,String,Monotonic Stack
403	Hard	Frog Jump	Array,Dynamic Programming
404	Easy	Sum of Left Leaves	Tree,Depth-First Search,Breadth-First Search,Binary Tree
405	Easy	Convert a Number to Hexadecimal	Bit Manipulation,Math,String
406	Medium	Queue Reconstruction by Height	Binary Indexed Tree,Segment Tree,Array,Sorting
407	Hard	Trapping Rain Water II	Breadth-First Search,Array,Matrix,Heap (Priority Queue)
408	Easy	Valid Word Abbreviation	Two Pointers,String
409	Easy	Longest Palindrome	Greedy,Hash Table,String
410	Hard	Split Array Largest Sum	Greedy,Array,Binary Search,Dynamic Programming,Prefix Sum
411	Hard	Minimum Unique Word Abbreviation	Bit Manipulation,Array,String,Backtracking
412	Easy	Fizz Buzz	Math,String,Simulation
413	Medium	Arithmetic Slices	Array,Dynamic Programming,Sliding Window
414	Easy	Third Maximum Number	Array,Sorting
415	Easy	Add Strings	Math,String,Simulation
416	Medium	Partition Equal Subset Sum	Array,Dynamic Programming
417	Medium	Pacific Atlantic Water Flow	Depth-First Search,Breadth-First Search,Array,Matrix
418	Medium	Sentence Screen Fitting	Array,String,Dynamic Programming
419	Medium	Battleships in a Board	Depth-First Search,Array,Matrix
420	Hard	Strong Password Checker	Greedy,String,Heap (Priority Queue)
421	Medium	Maximum XOR of Two Numbers in an Array	Bit Manipulation,Trie,Array,Hash Table
422	Easy	Valid Word Square	Array,Matrix
423	Medium	Reconstruct Original Digits from English	Hash Table,Math,String
424	Medium	Longest Repeating Character Replacement	Hash Table,String,Sliding Window
425	Hard	Word Squares	Trie,Array,String,Backtracking
426	Medium	Convert Binary Search Tree to Sorted Doubly Linked List	Stack,Tree,Depth-First Search,Binary Search Tree,Linked List,Binary Tree,Doubly-Linked List
427	Medium	Construct Quad Tree	Tree,Array,Divide and Conquer,Matrix
428	Hard	Serialize and Deserialize N-ary Tree	Tree,Depth-First Search,Breadth-First Search,String
429	Medium	N-ary Tree Level Order Traversal	Tree,Breadth-First Search
430	Medium	Flatten a Multilevel Doubly Linked List	Depth-First Search,Linked List,Doubly-Linked List
431	Hard	Encode N-ary Tree to Binary Tree	Tree,Depth-First Search,Breadth-First Search,Design,Binary Tree
432	Hard	All O`one Data Structure	Design,Hash Table,Linked List,Doubly-Linked List
433	Medium	Minimum Genetic Mutation	Breadth-First Search,Hash Table,String
434	Easy	Number of Segments in a String	String
435	Medium	Non-overlapping Intervals	Greedy,Array,Dynamic Programming,Sorting
436	Medium	Find Right Interval	Array,Binary Search,Sorting
437	Medium	Path Sum III	Tree,Depth-First Search,Binary Tree
438	Medium	Find All Anagrams in a String	Hash Table,String,Sliding Window
439	Medium	Ternary Expression Parser	Stack,Recursion,String
440	Hard	K-th Smallest in Lexicographical Order	Trie
441	Easy	Arranging Coins	Math,Binary Search
442	Medium	Find All Duplicates in an Array	Array,Hash Table,Sorting
443	Medium	String Compression	Two Pointers,String
444	Medium	Sequence Reconstruction	Graph,Topological Sort,Array
445	Medium	Add Two Numbers II	Stack,Linked List,Math
446	Hard	Arithmetic Slices II - Subsequence	Array,Dynamic Programming
447	Medium	Number of Boomerangs	Array,Hash Table,Math
448	Easy	Find All Numbers Disappeared in an Array	Array,Hash Table
449	Medium	Serialize and Deserialize BST	Tree,Depth-First Search,Breadth-First Search,Design,Binary Search Tree,String,Binary Tree
450	Medium	Delete Node in a BST	Tree,Binary Search Tree,Binary Tree
451	Medium	Sort Characters By Frequency	Hash Table,String,Bucket Sort,Counting,Sorting,Heap (Priority Queue)
452	Medium	Minimum Number of Arrows to Burst Balloons	Greedy,Array,Sorting
453	Medium	Minimum Moves to Equal Array Elements	Array,Math
454	Medium	4Sum II	Array,Hash Table
455	Easy	Assign Cookies	Greedy,Array,Two Pointers,Sorting
456	Medium	132 Pattern	Stack,Array,Binary Search,Ordered Set,Monotonic Stack
457	Medium	Circular Array Loop	Array,Hash Table,Two Pointers
458	Hard	Poor Pigs	Math,Dynamic Programming,Combinatorics
459	Easy	Repeated Substring Pattern	String,String Matching
460	Hard	LFU Cache	Design,Hash Table,Linked List,Doubly-Linked List
461	Easy	Hamming Distance	Bit Manipulation
462	Medium	Minimum Moves to Equal Array Elements II	Array,Math,Sorting
463	Easy	Island Perimeter	Depth-First Search,Breadth-First Search,Array,Matrix
464	Medium	Can I Win	Bit Manipulation,Memoization,Math,Dynamic Programming,Bitmask,Game Theory
465	Hard	Optimal Account Balancing	Bit Manipulation,Array,Dynamic Programming,Backtracking,Bitmask
466	Hard	Count The Repetitions	Two Pointers,String,Dynamic Programming
467	Medium	Unique Substrings in Wraparound String	String,Dynamic Programming
468	Medium	Validate IP Address	String
469	Medium	Convex Polygon	Geometry,Array,Math
470	Medium	Implement Rand10() Using Rand7()	Math,Rejection Sampling,Probability and Statistics,Randomized
471	Hard	Encode String with Shortest Length	String,Dynamic Programming
472	Hard	Concatenated Words	Depth-First Search,Trie,Array,String,Dynamic Programming,Sorting
473	Medium	Matchsticks to Square	Bit Manipulation,Array,Dynamic Programming,Backtracking,Bitmask
474	Medium	Ones and Zeroes	Array,String,Dynamic Programming
475	Medium	Heaters	Array,Two Pointers,Binary Search,Sorting
476	Easy	Number Complement	Bit Manipulation
477	Medium	Total Hamming Distance	Bit Manipulation,Array,Math
478	Medium	Generate Random Point in a Circle	Geometry,Math,Rejection Sampling,Randomized
479	Hard	Largest Palindrome Product	Math,Enumeration
480	Hard	Sliding Window Median	Array,Hash Table,Sliding Window,Heap (Priority Queue)
481	Medium	Magical String	Two Pointers,String
482	Easy	License Key Formatting	String
483	Hard	Smallest Good Base	Math,Binary Search
484	Medium	Find Permutation	Stack,Greedy,Array,String
485	Easy	Max Consecutive Ones	Array
486	Medium	Predict the Winner	Recursion,Array,Math,Dynamic Programming,Game Theory
487	Medium	Max Consecutive Ones II	Array,Dynamic Programming,Sliding Window
488	Hard	Zuma Game	Stack,Breadth-First Search,Memoization,String,Dynamic Programming
489	Hard	Robot Room Cleaner	Backtracking,Interactive
490	Medium	The Maze	Depth-First Search,Breadth-First Search,Array,Matrix
491	Medium	Non-decreasing Subsequences	Bit Manipulation,Array,Hash Table,Backtracking
492	Easy	Construct the Rectangle	Math
493	Hard	Reverse Pairs	Binary Indexed Tree,Segment Tree,Array,Binary Search,Divide and Conquer,Ordered Set,Merge Sort
494	Medium	Target Sum	Array,Dynamic Programming,Backtracking
495	Easy	Teemo Attacking	Array,Simulation
496	Easy	Next Greater Element I	Stack,Array,Hash Table,Monotonic Stack
497	Medium	Random Point in Non-overlapping Rectangles	Reservoir Sampling,Array,Math,Binary Search,Ordered Set,Prefix Sum,Randomized
498	Medium	Diagonal Traverse	Array,Matrix,Simulation
499	Hard	The Maze III	Depth-First Search,Breadth-First Search,Graph,Array,String,Matrix,Shortest Path,Heap (Priority Queue)
500	Easy	Keyboard Row	Array,Hash Table,String
501	Easy	Find Mode in Binary Search Tree	Tree,Depth-First Search,Binary Search Tree,Binary Tree
502	Hard	IPO	Greedy,Array,Sorting,Heap (Priority Queue)
503	Medium	Next Greater Element II	Stack,Array,Monotonic Stack
504	Easy	Base 7	Math,String
505	Medium	The Maze II	Depth-First Search,Breadth-First Search,Graph,Array,Matrix,Shortest Path,Heap (Priority Queue)
506	Easy	Relative Ranks	Array,Sorting,Heap (Priority Queue)
507	Easy	Perfect Number	Math
508	Medium	Most Frequent Subtree Sum	Tree,Depth-First Search,Hash Table,Binary Tree
509	Easy	Fibonacci Number	Recursion,Memoization,Math,Dynamic Programming
510	Medium	Inorder Successor in BST II	Tree,Binary Search Tree,Binary Tree
511	Easy	Game Play Analysis I	Database
512	Easy	Game Play Analysis II	Database
513	Medium	Find Bottom Left Tree Value	Tree,Depth-First Search,Breadth-First Search,Binary Tree
514	Hard	Freedom Trail	Depth-First Search,Breadth-First Search,String,Dynamic Programming
515	Medium	Find Largest Value in Each Tree Row	Tree,Depth-First Search,Breadth-First Search,Binary Tree
516	Medium	Longest Palindromic Subsequence	String,Dynamic Programming
517	Hard	Super Washing Machines	Greedy,Array
518	Medium	Coin Change II	Array,Dynamic Programming
519	Medium	Random Flip Matrix	Reservoir Sampling,Hash Table,Math,Randomized
520	Easy	Detect Capital	String
521	Easy	Longest Uncommon Subsequence I	String
522	Medium	Longest Uncommon Subsequence II	Array,Hash Table,Two Pointers,String,Sorting
523	Medium	Continuous Subarray Sum	Array,Hash Table,Math,Prefix Sum
524	Medium	Longest Word in Dictionary through Deleting	Array,Two Pointers,String,Sorting
525	Medium	Contiguous Array	Array,Hash Table,Prefix Sum
526	Medium	Beautiful Arrangement	Bit Manipulation,Array,Dynamic Programming,Backtracking,Bitmask
527	Hard	Word Abbreviation	Greedy,Trie,Array,String,Sorting
528	Medium	Random Pick with Weight	Array,Math,Binary Search,Prefix Sum,Randomized
529	Medium	Minesweeper	Depth-First Search,Breadth-First Search,Array,Matrix
530	Easy	Minimum Absolute Difference in BST	Tree,Depth-First Search,Breadth-First Search,Binary Search Tree,Binary Tree
531	Medium	Lonely Pixel I	Array,Hash Table,Matrix
532	Medium	K-diff Pairs in an Array	Array,Hash Table,Two Pointers,Binary Search,Sorting
533	Medium	Lonely Pixel II	Array,Hash Table,Matrix
534	Medium	Game Play Analysis III	Database
535	Medium	Encode and Decode TinyURL	Design,Hash Table,String,Hash Function
536	Medium	Construct Binary Tree from String	Stack,Tree,Depth-First Search,String,Binary Tree
537	Medium	Complex Number Multiplication	Math,String,Simulation
538	Medium	Convert BST to Greater Tree	Tree,Depth-First Search,Binary Search Tree,Binary Tree
539	Medium	Minimum Time Difference	Array,Math,String,Sorting
540	Medium	Single Element in a Sorted Array	Array,Binary Search
541	Easy	Reverse String II	Two Pointers,String
542	Medium	01 Matrix	Breadth-First Search,Array,Dynamic Programming,Matrix
543	Easy	Diameter of Binary Tree	Tree,Depth-First Search,Binary Tree
544	Medium	Output Contest Matches	Recursion,String,Simulation
545	Medium	Boundary of Binary Tree	Tree,Depth-First Search,Binary Tree
546	Hard	Remove Boxes	Memoization,Array,Dynamic Programming
547	Medium	Number of Provinces	Depth-First Search,Breadth-First Search,Union Find,Graph
548	Hard	Split Array with Equal Sum	Array,Hash Table,Prefix Sum
549	Medium	Binary Tree Longest Consecutive Sequence II	Tree,Depth-First Search,Binary Tree
550	Medium	Game Play Analysis IV	Database
551	Easy	Student Attendance Record I	String
552	Hard	Student Attendance Record II	Dynamic Programming
553	Medium	Optimal Division	Array,Math,Dynamic Programming
554	Medium	Brick Wall	Array,Hash Table
555	Medium	Split Concatenated Strings	Greedy,Array,String
556	Medium	Next Greater Element III	Math,Two Pointers,String
557	Easy	Reverse Words in a String III	Two Pointers,String
558	Medium	Logical OR of Two Binary Grids Represented as Quad-Trees	Tree,Divide and Conquer
559	Easy	Maximum Depth of N-ary Tree	Tree,Depth-First Search,Breadth-First Search
560	Medium	Subarray Sum Equals K	Array,Hash Table,Prefix Sum
561	Easy	Array Partition	Greedy,Array,Counting Sort,Sorting
562	Medium	Longest Line of Consecutive One in Matrix	Array,Dynamic Programming,Matrix
563	Easy	Binary Tree Tilt	Tree,Depth-First Search,Binary Tree
564	Hard	Find the Closest Palindrome	Math,String
565	Medium	Array Nesting	Depth-First Search,Array
566	Easy	Reshape the Matrix	Array,Matrix,Simulation
567	Medium	Permutation in String	Hash Table,Two Pointers,String,Sliding Window
568	Hard	Maximum Vacation Days	Array,Dynamic Programming,Matrix
569	Hard	Median Employee Salary	Database
570	Medium	Managers with at Least 5 Direct Reports	Database
571	Hard	Find Median Given Frequency of Numbers	Database
572	Easy	Subtree of Another Tree	Tree,Depth-First Search,Binary Tree,String Matching,Hash Function
573	Medium	Squirrel Simulation	Array,Math
574	Medium	Winning Candidate	Database
575	Easy	Distribute Candies	Array,Hash Table
576	Medium	Out of Boundary Paths	Dynamic Programming
577	Easy	Employee Bonus	Database
578	Medium	Get Highest Answer Rate Question	Database
579	Hard	Find Cumulative Salary of an Employee	Database
580	Medium	Count Student Number in Departments	Database
581	Medium	Shortest Unsorted Continuous Subarray	Stack,Greedy,Array,Two Pointers,Sorting,Monotonic Stack
582	Medium	Kill Process	Tree,Depth-First Search,Breadth-First Search,Array,Hash Table
583	Medium	Delete Operation for Two Strings	String,Dynamic Programming
584	Easy	Find Customer Referee	Database
585	Medium	Investments in 2016	Database
586	Easy	Customer Placing the Largest Number of Orders	Database
587	Hard	Erect the Fence	Geometry,Array,Math
588	Hard	Design In-Memory File System	Design,Trie,Hash Table,String,Sorting
589	Easy	N-ary Tree Preorder Traversal	Stack,Tree,Depth-First Search
590	Easy	N-ary Tree Postorder Traversal	Stack,Tree,Depth-First Search
591	Hard	Tag Validator	Stack,String
592	Medium	Fraction Addition and Subtraction	Math,String,Simulation
593	Medium	Valid Square	Geometry,Math
594	Easy	Longest Harmonious Subsequence	Array,Hash Table,Counting,Sorting,Sliding Window
595	Easy	Big Countries	Database
596	Easy	Classes With at Least 5 Students	Database
597	Easy	Friend Requests I Overall Acceptance Rate	Database
598	Easy	Range Addition II	Array,Math
599	Easy	Minimum Index Sum of Two Lists	Array,Hash Table,String
600	Hard	Non-negative Integers without Consecutive Ones	Dynamic Programming
601	Hard	Human Traffic of Stadium	Database
602	Medium	Friend Requests II Who Has the Most Friends	Database
603	Easy	Consecutive Available Seats	Database
604	Easy	Design Compressed String Iterator	Design,Array,String,Iterator
605	Easy	Can Place Flowers	Greedy,Array
606	Medium	Construct String from Binary Tree	Tree,Depth-First Search,String,Binary Tree
607	Easy	Sales Person	Database
608	Medium	Tree Node	Database
609	Medium	Find Duplicate File in System	Array,Hash Table,String
610	Easy	Triangle Judgement	Database
611	Medium	Valid Triangle Number	Greedy,Array,Two Pointers,Binary Search,Sorting
612	Medium	Shortest Distance in a Plane	Database
613	Easy	Shortest Distance in a Line	Database
614	Medium	Second Degree Follower	Database
615	Hard	Average Salary Departments VS Company	Database
616	Medium	Add Bold Tag in String	Trie,Array,Hash Table,String,String Matching
617	Easy	Merge Two Binary Trees	Tree,Depth-First Search,Breadth-First Search,Binary Tree
618	Hard	Students Report By Geography	Database
619	Easy	Biggest Single Number	Database
620	Easy	Not Boring Movies	Database
621	Medium	Task Scheduler	Greedy,Array,Hash Table,Counting,Sorting,Heap (Priority Queue)
622	Medium	Design Circular Queue	Design,Queue,Array,Linked List
623	Medium	Add One Row to Tree	Tree,Depth-First Search,Breadth-First Search,Binary Tree
624	Medium	Maximum Distance in Arrays	Greedy,Array
625	Medium	Minimum Factorization	Greedy,Math
626	Medium	Exchange Seats	Database
627	Easy	Swap Sex of Employees	Database
628	Easy	Maximum Product of Three Numbers	Array,Math,Sorting
629	Hard	K Inverse Pairs Array	Dynamic Programming
630	Hard	Course Schedule III	Greedy,Array,Sorting,Heap (Priority Queue)
631	Hard	Design Excel Sum Formula	Graph,Design,Topological Sort,Array,Hash Table,String,Matrix
632	Hard	Smallest Range Covering Elements from K Lists	Greedy,Array,Hash Table,Sorting,Sliding Window,Heap (Priority Queue)
633	Medium	Sum of Square Numbers	Math,Two Pointers,Binary Search
634	Medium	Find the Derangement of An Array	Math,Dynamic Programming,Combinatorics
635	Medium	Design Log Storage System	Design,Hash Table,String,Ordered Set
636	Medium	Exclusive Time of Functions	Stack,Array
637	Easy	Average of Levels in Binary Tree	Tree,Depth-First Search,Breadth-First Search,Binary Tree
638	Medium	Shopping Offers	Bit Manipulation,Memoization,Array,Dynamic Programming,Backtracking,Bitmask
639	Hard	Decode Ways II	String,Dynamic Programming
640	Medium	Solve the Equation	Math,String,Simulation
641	Medium	Design Circular Deque	Design,Queue,Array,Linked List
642	Hard	Design Search Autocomplete System	Depth-First Search,Design,Trie,String,Data Stream,Sorting,Heap (Priority Queue)
643	Easy	Maximum Average Subarray I	Array,Sliding Window
644	Hard	Maximum Average Subarray II	Array,Binary Search,Prefix Sum
645	Easy	Set Mismatch	Bit Manipulation,Array,Hash Table,Sorting
646	Medium	Maximum Length of Pair Chain	Greedy,Array,Dynamic Programming,Sorting
647	Medium	Palindromic Substrings	Two Pointers,String,Dynamic Programming
648	Medium	Replace Words	Trie,Array,Hash Table,String
649	Medium	Dota2 Senate	Greedy,Queue,String
650	Medium	2 Keys Keyboard	Math,Dynamic Programming
651	Medium	4 Keys Keyboard	Math,Dynamic Programming
652	Medium	Find Duplicate Subtrees	Tree,Depth-First Search,Hash Table,Binary Tree
653	Easy	Two Sum IV - Input is a BST	Tree,Depth-First Search,Breadth-First Search,Binary Search Tree,Hash Table,Two Pointers,Binary Tree
654	Medium	Maximum Binary Tree	Stack,Tree,Array,Divide and Conquer,Binary Tree,Monotonic Stack
655	Medium	Print Binary Tree	Tree,Depth-First Search,Breadth-First Search,Binary Tree
656	Hard	Coin Path	Array,Dynamic Programming
657	Easy	Robot Return to Origin	String,Simulation
658	Medium	Find K Closest Elements	Array,Two Pointers,Binary Search,Sorting,Sliding Window,Heap (Priority Queue)
659	Medium	Split Array into Consecutive Subsequences	Greedy,Array,Hash Table,Heap (Priority Queue)
660	Hard	Remove 9	Math
661	Easy	Image Smoother	Array,Matrix
662	Medium	Maximum Width of Binary Tree	Tree,Depth-First Search,Breadth-First Search,Binary Tree
663	Medium	Equal Tree Partition	Tree,Depth-First Search,Binary Tree
664	Hard	Strange Printer	String,Dynamic Programming
665	Medium	Non-decreasing Array	Array
666	Medium	Path Sum IV	Tree,Depth-First Search,Array,Hash Table,Binary Tree
667	Medium	Beautiful Arrangement II	Array,Math
668	Hard	Kth Smallest Number in Multiplication Table	Math,Binary Search
669	Medium	Trim a Binary Search Tree	Tree,Depth-First Search,Binary Search Tree,Binary Tree
670	Medium	Maximum Swap	Greedy,Math
671	Easy	Second Minimum Node In a Binary Tree	Tree,Depth-First Search,Binary Tree
672	Medium	Bulb Switcher II	Bit Manipulation,Depth-First Search,Breadth-First Search,Math
673	Medium	Number of Longest Increasing Subsequence	Binary Indexed Tree,Segment Tree,Array,Dynamic Programming
674	Easy	Longest Continuous Increasing Subsequence	Array
675	Hard	Cut Off Trees for Golf Event	Breadth-First Search,Array,Matrix,Heap (Priority Queue)
676	Medium	Implement Magic Dictionary	Depth-First Search,Design,Trie,Hash Table,String
677	Medium	Map Sum Pairs	Design,Trie,Hash Table,String
678	Medium	Valid Parenthesis String	Stack,Greedy,String,Dynamic Programming
679	Hard	24 Game	Array,Math,Backtracking
680	Easy	Valid Palindrome II	Greedy,Two Pointers,String
681	Medium	Next Closest Time	Hash Table,String,Backtracking,Enumeration
682	Easy	Baseball Game	Stack,Array,Simulation
683	Hard	K Empty Slots	Binary Indexed Tree,Segment Tree,Queue,Array,Ordered Set,Sliding Window,Monotonic Queue,Heap (Priority Queue)
684	Medium	Redundant Connection	Depth-First Search,Breadth-First Search,Union Find,Graph
685	Hard	Redundant Connection II	Depth-First Search,Breadth-First Search,Union Find,Graph
686	Medium	Repeated String Match	String,String Matching
687	Medium	Longest Univalue Path	Tree,Depth-First Search,Binary Tree
688	Medium	Knight Probability in Chessboard	Dynamic Programming
689	Hard	Maximum Sum of 3 Non-Overlapping Subarrays	Array,Dynamic Programming,Prefix Sum,Sliding Window
690	Medium	Employee Importance	Tree,Depth-First Search,Breadth-First Search,Array,Hash Table
691	Hard	Stickers to Spell Word	Bit Manipulation,Memoization,Array,Hash Table,String,Dynamic Programming,Backtracking,Bitmask
692	Medium	Top K Frequent Words	Trie,Array,Hash Table,String,Bucket Sort,Counting,Sorting,Heap (Priority Queue)
693	Easy	Binary Number with Alternating Bits	Bit Manipulation
694	Medium	Number of Distinct Islands	Depth-First Search,Breadth-First Search,Union Find,Array,Hash Table,Matrix,Sorting,Hash Function
695	Medium	Max Area of Island	Depth-First Search,Breadth-First Search,Union Find,Array,Matrix
696	Easy	Count Binary Substrings	Two Pointers,String
697	Easy	Degree of an Array	Array,Hash Table
698	Medium	Partition to K Equal Sum Subsets	Bit Manipulation,Memoization,Array,Dynamic Programming,Backtracking,Bitmask
699	Hard	Falling Squares	Segment Tree,Array,Ordered Set
700	Easy	Search in a Binary Search Tree	Tree,Binary Search Tree,Binary Tree
701	Medium	Insert into a Binary Search Tree	Tree,Binary Search Tree,Binary Tree
702	Medium	Search in a Sorted Array of Unknown Size	Array,Binary Search,Interactive
703	Easy	Kth Largest Element in a Stream	Tree,Design,Binary Search Tree,Binary Tree,Data Stream,Heap (Priority Queue)
704	Easy	Binary Search	Array,Binary Search
705	Easy	Design HashSet	Design,Array,Hash Table,Linked List,Hash Function
706	Easy	Design HashMap	Design,Array,Hash Table,Linked List,Hash Function
707	Medium	Design Linked List	Design,Linked List
708	Medium	Insert into a Sorted Circular Linked List	Linked List
709	Easy	To Lower Case	String
710	Hard	Random Pick with Blacklist	Array,Hash Table,Math,Binary Search,Sorting,Randomized
711	Hard	Number of Distinct Islands II	Depth-First Search,Breadth-First Search,Union Find,Array,Hash Table,Matrix,Sorting,Hash Function
712	Medium	Minimum ASCII Delete Sum for Two Strings	String,Dynamic Programming
713	Medium	Subarray Product Less Than K	Array,Binary Search,Prefix Sum,Sliding Window
714	Medium	Best Time to Buy and Sell Stock with Transaction Fee	Greedy,Array,Dynamic Programming
715	Hard	Range Module	Design,Segment Tree,Ordered Set
716	Hard	Max Stack	Stack,Design,Linked List,Doubly-Linked List,Ordered Set
717	Easy	1-bit and 2-bit Characters	Array
718	Medium	Maximum Length of Repeated Subarray	Array,Binary Search,Dynamic Programming,Sliding Window,Hash Function,Rolling Hash
719	Hard	Find K-th Smallest Pair Distance	Array,Two Pointers,Binary Search,Sorting
720	Medium	Longest Word in Dictionary	Trie,Array,Hash Table,String,Sorting
721	Medium	Accounts Merge	Depth-First Search,Breadth-First Search,Union Find,Array,Hash Table,String,Sorting
722	Medium	Remove Comments	Array,String
723	Medium	Candy Crush	Array,Two Pointers,Matrix,Simulation
724	Easy	Find Pivot Index	Array,Prefix Sum
725	Medium	Split Linked List in Parts	Linked List
726	Hard	Number of Atoms	Stack,Hash Table,String,Sorting
727	Hard	Minimum Window Subsequence	String,Dynamic Programming,Sliding Window
728	Easy	Self Dividing Numbers	Math
729	Medium	My Calendar I	Design,Segment Tree,Array,Binary Search,Ordered Set
730	Hard	Count Different Palindromic Subsequences	String,Dynamic Programming
731	Medium	My Calendar II	Design,Segment Tree,Array,Binary Search,Ordered Set,Prefix Sum
732	Hard	My Calendar III	Design,Segment Tree,Binary Search,Ordered Set,Prefix Sum
733	Easy	Flood Fill	Depth-First Search,Breadth-First Search,Array,Matrix
734	Easy	Sentence Similarity	Array,Hash Table,String
735	Medium	Asteroid Collision	Stack,Array,Simulation
736	Hard	Parse Lisp Expression	Stack,Recursion,Hash Table,String
737	Medium	Sentence Similarity II	Depth-First Search,Breadth-First Search,Union Find,Array,Hash Table,String
738	Medium	Monotone Increasing Digits	Greedy,Math
739	Medium	Daily Temperatures	Stack,Array,Monotonic Stack
740	Medium	Delete and Earn	Array,Hash Table,Dynamic Programming
741	Hard	Cherry Pickup	Array,Dynamic Programming,Matrix
742	Medium	Closest Leaf in a Binary Tree	Tree,Depth-First Search,Breadth-First Search,Binary Tree
743	Medium	Network Delay Time	Depth-First Search,Breadth-First Search,Graph,Shortest Path,Heap (Priority Queue)
744	Easy	Find Smallest Letter Greater Than Target	Array,Binary Search
745	Hard	Prefix and Suffix Search	Design,Trie,Array,Hash Table,String
746	Easy	Min Cost Climbing Stairs	Array,Dynamic Programming
747	Easy	Largest Number At Least Twice of Others	Array,Sorting
748	Easy	Shortest Completing Word	Array,Hash Table,String
749	Hard	Contain Virus	Depth-First Search,Breadth-First Search,Array,Matrix,Simulation
750	Medium	Number Of Corner Rectangles	Array,Math,Dynamic Programming,Matrix
751	Medium	IP to CIDR	Bit Manipulation,String
752	Medium	Open the Lock	Breadth-First Search,Array,Hash Table,String
753	Hard	Cracking the Safe	Depth-First Search,Graph,String,Eulerian Circuit
754	Medium	Reach a Number	Math,Binary Search
755	Medium	Pour Water	Array,Simulation
756	Medium	Pyramid Transition Matrix	Bit Manipulation,Hash Table,String,Backtracking
757	Hard	Set Intersection Size At Least Two	Greedy,Array,Sorting
758	Medium	Bold Words in String	Trie,Array,Hash Table,String,String Matching
759	Hard	Employee Free Time	Array,Sorting,Sweep Line,Heap (Priority Queue)
760	Easy	Find Anagram Mappings	Array,Hash Table
761	Hard	Special Binary String	String,Divide and Conquer,Sorting
762	Easy	Prime Number of Set Bits in Binary Representation	Bit Manipulation,Math
763	Medium	Partition Labels	Greedy,Hash Table,Two Pointers,String
764	Medium	Largest Plus Sign	Array,Dynamic Programming
765	Hard	Couples Holding Hands	Greedy,Depth-First Search,Breadth-First Search,Union Find,Graph
766	Easy	Toeplitz Matrix	Array,Matrix
767	Medium	Reorganize String	Greedy,Hash Table,String,Counting,Sorting,Heap (Priority Queue)
768	Hard	Max Chunks To Make Sorted II	Stack,Greedy,Array,Sorting,Monotonic Stack
769	Medium	Max Chunks To Make Sorted	Stack,Greedy,Array,Sorting,Monotonic Stack
770	Hard	Basic Calculator IV	Stack,Recursion,Hash Table,Math,String
771	Easy	Jewels and Stones	Hash Table,String
772	Hard	Basic Calculator III	Stack,Recursion,Math,String
773	Hard	Sliding Puzzle	Breadth-First Search,Memoization,Array,Dynamic Programming,Backtracking,Matrix
774	Hard	Minimize Max Distance to Gas Station	Array,Binary Search
775	Medium	Global and Local Inversions	Array,Math
776	Medium	Split BST	Tree,Binary Search Tree,Recursion,Binary Tree
777	Medium	Swap Adjacent in LR String	Two Pointers,String
778	Hard	Swim in Rising Water	Depth-First Search,Breadth-First Search,Union Find,Array,Binary Search,Matrix,Heap (Priority Queue)
779	Medium	K-th Symbol in Grammar	Bit Manipulation,Recursion,Math
780	Hard	Reaching Points	Math
781	Medium	Rabbits in Forest	Greedy,Array,Hash Table,Math
782	Hard	Transform to Chessboard	Bit Manipulation,Array,Math,Matrix
783	Easy	Minimum Distance Between BST Nodes	Tree,Depth-First Search,Breadth-First Search,Binary Search Tree,Binary Tree
784	Medium	Letter Case Permutation	Bit Manipulation,String,Backtracking
785	Medium	Is Graph Bipartite	Depth-First Search,Breadth-First Search,Union Find,Graph
786	Medium	K-th Smallest Prime Fraction	Array,Two Pointers,Binary Search,Sorting,Heap (Priority Queue)
787	Medium	Cheapest Flights Within K Stops	Depth-First Search,Breadth-First Search,Graph,Dynamic Programming,Shortest Path,Heap (Priority Queue)
788	Medium	Rotated Digits	Math,Dynamic Programming
789	Medium	Escape The Ghosts	Array,Math
790	Medium	Domino and Tromino Tiling	Dynamic Programming
791	Medium	Custom Sort String	Hash Table,String,Sorting
792	Medium	Number of Matching Subsequences	Trie,Array,Hash Table,String,Binary Search,Dynamic Programming,Sorting
793	Hard	Preimage Size of Factorial Zeroes Function	Math,Binary Search
794	Medium	Valid Tic-Tac-Toe State	Array,Matrix
795	Medium	Number of Subarrays with Bounded Maximum	Array,Two Pointers
796	Easy	Rotate String	String,String Matching
797	Medium	All Paths From Source to Target	Depth-First Search,Breadth-First Search,Graph,Backtracking
798	Hard	Smallest Rotation with Highest Score	Array,Prefix Sum
799	Medium	Champagne Tower	Dynamic Programming
800	Easy	Similar RGB Color	Math,String,Enumeration
801	Hard	Minimum Swaps To Make Sequences Increasing	Array,Dynamic Programming
802	Medium	Find Eventual Safe States	Depth-First Search,Breadth-First Search,Graph,Topological Sort
803	Hard	Bricks Falling When Hit	Union Find,Array,Matrix
804	Easy	Unique Morse Code Words	Array,Hash Table,String
805	Hard	Split Array With Same Average	Bit Manipulation,Array,Hash Table,Math,Dynamic Programming,Bitmask
806	Easy	Number of Lines To Write String	Array,String
807	Medium	Max Increase to Keep City Skyline	Greedy,Array,Matrix
808	Medium	Soup Servings	Math,Dynamic Programming,Probability and Statistics
809	Medium	Expressive Words	Array,Two Pointers,String
810	Hard	Chalkboard XOR Game	Bit Manipulation,Brainteaser,Array,Math,Game Theory
811	Medium	Subdomain Visit Count	Array,Hash Table,String,Counting
812	Easy	Largest Triangle Area	Geometry,Array,Math
813	Medium	Largest Sum of Averages	Array,Dynamic Programming,Prefix Sum
814	Medium	Binary Tree Pruning	Tree,Depth-First Search,Binary Tree
815	Hard	Bus Routes	Breadth-First Search,Array,Hash Table
816	Medium	Ambiguous Coordinates	String,Backtracking,Enumeration
817	Medium	Linked List Components	Array,Hash Table,Linked List
818	Hard	Race Car	Dynamic Programming
819	Easy	Most Common Word	Array,Hash Table,String,Counting
820	Medium	Short Encoding of Words	Trie,Array,Hash Table,String
821	Easy	Shortest Distance to a Character	Array,Two Pointers,String
822	Medium	Card Flipping Game	Array,Hash Table
823	Medium	Binary Trees With Factors	Array,Hash Table,Dynamic Programming,Sorting
824	Easy	Goat Latin	String
825	Medium	Friends Of Appropriate Ages	Array,Two Pointers,Binary Search,Sorting
826	Medium	Most Profit Assigning Work	Greedy,Array,Two Pointers,Binary Search,Sorting
827	Hard	Making A Large Island	Depth-First Search,Breadth-First Search,Union Find,Array,Matrix
828	Hard	Count Unique Characters of All Substrings of a Given String	Hash Table,String,Dynamic Programming
829	Hard	Consecutive Numbers Sum	Math,Enumeration
830	Easy	Positions of Large Groups	String
831	Medium	Masking Personal Information	String
832	Easy	Flipping an Image	Bit Manipulation,Array,Two Pointers,Matrix,Simulation
833	Medium	Find And Replace in String	Array,Hash Table,String,Sorting
834	Hard	Sum of Distances in Tree	Tree,Depth-First Search,Graph,Dynamic Programming
835	Medium	Image Overlap	Array,Matrix
836	Easy	Rectangle Overlap	Geometry,Math
837	Medium	New 21 Game	Math,Dynamic Programming,Sliding Window,Probability and Statistics
838	Medium	Push Dominoes	Two Pointers,String,Dynamic Programming
839	Hard	Similar String Groups	Depth-First Search,Breadth-First Search,Union Find,Array,Hash Table,String
840	Medium	Magic Squares In Grid	Array,Hash Table,Math,Matrix
841	Medium	Keys and Rooms	Depth-First Search,Breadth-First Search,Graph
842	Medium	Split Array into Fibonacci Sequence	String,Backtracking
843	Hard	Guess the Word	Array,Math,String,Game Theory,Interactive
844	Easy	Backspace String Compare	Stack,Two Pointers,String,Simulation
845	Medium	Longest Mountain in Array	Array,Two Pointers,Dynamic Programming,Enumeration
846	Medium	Hand of Straights	Greedy,Array,Hash Table,Sorting
847	Hard	Shortest Path Visiting All Nodes	Bit Manipulation,Breadth-First Search,Graph,Dynamic Programming,Bitmask
848	Medium	Shifting Letters	Array,String,Prefix Sum
849	Medium	Maximize Distance to Closest Person	Array
850	Hard	Rectangle Area II	Segment Tree,Array,Ordered Set,Sweep Line
851	Medium	Loud and Rich	Depth-First Search,Graph,Topological Sort,Array
852	Medium	Peak Index in a Mountain Array	Array,Binary Search
853	Medium	Car Fleet	Stack,Array,Sorting,Monotonic Stack
854	Hard	K-Similar Strings	Breadth-First Search,Hash Table,String
855	Medium	Exam Room	Design,Ordered Set,Heap (Priority Queue)
856	Medium	Score of Parentheses	Stack,String
857	Hard	Minimum Cost to Hire K Workers	Greedy,Array,Sorting,Heap (Priority Queue)
858	Medium	Mirror Reflection	Geometry,Math,Number Theory
859	Easy	Buddy Strings	Hash Table,String
860	Easy	Lemonade Change	Greedy,Array
861	Medium	Score After Flipping Matrix	Greedy,Bit Manipulation,Array,Matrix
862	Hard	Shortest Subarray with Sum at Least K	Queue,Array,Binary Search,Prefix Sum,Sliding Window,Monotonic Queue,Heap (Priority Queue)
863	Medium	All Nodes Distance K in Binary Tree	Tree,Depth-First Search,Breadth-First Search,Hash Table,Binary Tree
864	Hard	Shortest Path to Get All Keys	Bit Manipulation,Breadth-First Search,Array,Matrix
865	Medium	Smallest Subtree with all the Deepest Nodes	Tree,Depth-First Search,Breadth-First Search,Hash Table,Binary Tree
866	Medium	Prime Palindrome	Math,Number Theory
867	Easy	Transpose Matrix	Array,Matrix,Simulation
868	Easy	Binary Gap	Bit Manipulation
869	Medium	Reordered Power of 2	Hash Table,Math,Counting,Enumeration,Sorting
870	Medium	Advantage Shuffle	Greedy,Array,Two Pointers,Sorting
871	Hard	Minimum Number of Refueling Stops	Greedy,Array,Dynamic Programming,Heap (Priority Queue)
872	Easy	Leaf-Similar Trees	Tree,Depth-First Search,Binary Tree
873	Medium	Length of Longest Fibonacci Subsequence	Array,Hash Table,Dynamic Programming
874	Medium	Walking Robot Simulation	Array,Hash Table,Simulation
875	Medium	Koko Eating Bananas	Array,Binary Search
876	Easy	Middle of the Linked List	Linked List,Two Pointers
877	Medium	Stone Game	Array,Math,Dynamic Programming,Game Theory
878	Hard	Nth Magical Number	Math,Binary Search
879	Hard	Profitable Schemes	Array,Dynamic Programming
880	Medium	Decoded String at Index	Stack,String
881	Medium	Boats to Save People	Greedy,Array,Two Pointers,Sorting
882	Hard	Reachable Nodes In Subdivided Graph	Graph,Shortest Path,Heap (Priority Queue)
883	Easy	Projection Area of 3D Shapes	Geometry,Array,Math,Matrix
884	Easy	Uncommon Words from Two Sentences	Hash Table,String,Counting
885	Medium	Spiral Matrix III	Array,Matrix,Simulation
886	Medium	Possible Bipartition	Depth-First Search,Breadth-First Search,Union Find,Graph
887	Hard	Super Egg Drop	Math,Binary Search,Dynamic Programming
888	Easy	Fair Candy Swap	Array,Hash Table,Binary Search,Sorting
889	Medium	Construct Binary Tree from Preorder and Postorder Traversal	Tree,Array,Hash Table,Divide and Conquer,Binary Tree
890	Medium	Find and Replace Pattern	Array,Hash Table,String
891	Hard	Sum of Subsequence Widths	Array,Math,Sorting
892	Easy	Surface Area of 3D Shapes	Geometry,Array,Math,Matrix
893	Medium	Groups of Special-Equivalent Strings	Array,Hash Table,String,Sorting
894	Medium	All Possible Full Binary Trees	Tree,Recursion,Memoization,Dynamic Programming,Binary Tree
895	Hard	Maximum Frequency Stack	Stack,Design,Hash Table,Ordered Set
896	Easy	Monotonic Array	Array
897	Easy	Increasing Order Search Tree	Stack,Tree,Depth-First Search,Binary Search Tree,Binary Tree
898	Medium	Bitwise ORs of Subarrays	Bit Manipulation,Array,Dynamic Programming
899	Hard	Orderly Queue	Math,String,Sorting
900	Medium	RLE Iterator	Design,Array,Counting,Iterator
901	Medium	Online Stock Span	Stack,Design,Data Stream,Monotonic Stack
902	Hard	Numbers At Most N Given Digit Set	Array,Math,String,Binary Search,Dynamic Programming
903	Hard	Valid Permutations for DI Sequence	String,Dynamic Programming,Prefix Sum
904	Medium	Fruit Into Baskets	Array,Hash Table,Sliding Window
905	Easy	Sort Array By Parity	Array,Two Pointers,Sorting
906	Hard	Super Palindromes	Math,String,Enumeration
907	Medium	Sum of Subarray Minimums	Stack,Array,Dynamic Programming,Monotonic Stack
908	Easy	Smallest Range I	Array,Math
909	Medium	Snakes and Ladders	Breadth-First Search,Array,Matrix
910	Medium	Smallest Range II	Greedy,Array,Math,Sorting
911	Medium	Online Election	Design,Array,Hash Table,Binary Search
912	Medium	Sort an Array	Array,Divide and Conquer,Bucket Sort,Counting Sort,Radix Sort,Sorting,Heap (Priority Queue),Merge Sort
913	Hard	Cat and Mouse	Graph,Topological Sort,Memoization,Math,Dynamic Programming,Game Theory
914	Easy	X of a Kind in a Deck of Cards	Array,Hash Table,Math,Counting,Number Theory
915	Medium	Partition Array into Disjoint Intervals	Array
916	Medium	Word Subsets	Array,Hash Table,String
917	Easy	Reverse Only Letters	Two Pointers,String
918	Medium	Maximum Sum Circular Subarray	Queue,Array,Divide and Conquer,Dynamic Programming,Monotonic Queue
919	Medium	Complete Binary Tree Inserter	Tree,Breadth-First Search,Design,Binary Tree
920	Hard	Number of Music Playlists	Math,Dynamic Programming,Combinatorics
921	Medium	Minimum Add to Make Parentheses Valid	Stack,Greedy,String
922	Easy	Sort Array By Parity II	Array,Two Pointers,Sorting
923	Medium	3Sum With Multiplicity	Array,Hash Table,Two Pointers,Counting,Sorting
924	Hard	Minimize Malware Spread	Depth-First Search,Breadth-First Search,Union Find,Graph,Array,Hash Table
925	Easy	Long Pressed Name	Two Pointers,String
926	Medium	Flip String to Monotone Increasing	String,Dynamic Programming
927	Hard	Three Equal Parts	Array,Math
928	Hard	Minimize Malware Spread II	Depth-First Search,Breadth-First Search,Union Find,Graph,Array,Hash Table
929	Easy	Unique Email Addresses	Array,Hash Table,String
930	Medium	Binary Subarrays With Sum	Array,Hash Table,Prefix Sum,Sliding Window
931	Medium	Minimum Falling Path Sum	Array,Dynamic Programming,Matrix
932	Medium	Beautiful Array	Array,Math,Divide and Conquer
933	Easy	Number of Recent Calls	Design,Queue,Data Stream
934	Medium	Shortest Bridge	Depth-First Search,Breadth-First Search,Array,Matrix
935	Medium	Knight Dialer	Dynamic Programming
936	Hard	Stamping The Sequence	Stack,Greedy,Queue,String
937	Medium	Reorder Data in Log Files	Array,String,Sorting
938	Easy	Range Sum of BST	Tree,Depth-First Search,Binary Search Tree,Binary Tree
939	Medium	Minimum Area Rectangle	Geometry,Array,Hash Table,Math,Sorting
940	Hard	Distinct Subsequences II	String,Dynamic Programming
941	Easy	Valid Mountain Array	Array
942	Easy	DI String Match	Greedy,Array,Two Pointers,String
943	Hard	Find the Shortest Superstring	Bit Manipulation,Array,String,Dynamic Programming,Bitmask
944	Easy	Delete Columns to Make Sorted	Array,String
945	Medium	Minimum Increment to Make Array Unique	Greedy,Array,Counting,Sorting
946	Medium	Validate Stack Sequences	Stack,Array,Simulation
947	Medium	Most Stones Removed with Same Row or Column	Depth-First Search,Union Find,Graph,Hash Table
948	Medium	Bag of Tokens	Greedy,Array,Two Pointers,Sorting
949	Medium	Largest Time for Given Digits	Array,String,Backtracking,Enumeration
950	Medium	Reveal Cards In Increasing Order	Queue,Array,Sorting,Simulation
951	Medium	Flip Equivalent Binary Trees	Tree,Depth-First Search,Binary Tree
952	Hard	Largest Component Size by Common Factor	Union Find,Array,Hash Table,Math,Number Theory
953	Easy	Verifying an Alien Dictionary	Array,Hash Table,String
954	Medium	Array of Doubled Pairs	Greedy,Array,Hash Table,Sorting
955	Medium	Delete Columns to Make Sorted II	Greedy,Array,String
956	Hard	Tallest Billboard	Array,Dynamic Programming
957	Medium	Prison Cells After N Days	Bit Manipulation,Array,Hash Table,Math
958	Medium	Check Completeness of a Binary Tree	Tree,Breadth-First Search,Binary Tree
959	Medium	Regions Cut By Slashes	Depth-First Search,Breadth-First Search,Union Find,Array,Hash Table,Matrix
960	Hard	Delete Columns to Make Sorted III	Array,String,Dynamic Programming
961	Easy	N-Repeated Element in Size 2N Array	Array,Hash Table
962	Medium	Maximum Width Ramp	Stack,Array,Two Pointers,Monotonic Stack
963	Medium	Minimum Area Rectangle II	Geometry,Array,Hash Table,Math
964	Hard	Least Operators to Express Number	Memoization,Math,Dynamic Programming
965	Easy	Univalued Binary Tree	Tree,Depth-First Search,Breadth-First Search,Binary Tree
966	Medium	Vowel Spellchecker	Array,Hash Table,String
967	Medium	Numbers With Same Consecutive Differences	Breadth-First Search,Backtracking
968	Hard	Binary Tree Cameras	Tree,Depth-First Search,Dynamic Programming,Binary Tree
969	Medium	Pancake Sorting	Greedy,Array,Two Pointers,Sorting
970	Medium	Powerful Integers	Hash Table,Math,Enumeration
971	Medium	Flip Binary Tree To Match Preorder Traversal	Tree,Depth-First Search,Binary Tree
972	Hard	Equal Rational Numbers	Math,String
973	Medium	K Closest Points to Origin	Geometry,Array,Math,Divide and Conquer,Quickselect,Sorting,Heap (Priority Queue)
974	Medium	Subarray Sums Divisible by K	Array,Hash Table,Prefix Sum
975	Hard	Odd Even Jump	Stack,Array,Dynamic Programming,Ordered Set,Sorting,Monotonic Stack
976	Easy	Largest Perimeter Triangle	Greedy,Array,Math,Sorting
977	Easy	Squares of a Sorted Array	Array,Two Pointers,Sorting
978	Medium	Longest Turbulent Subarray	Array,Dynamic Programming,Sliding Window
979	Medium	Distribute Coins in Binary Tree	Tree,Depth-First Search,Binary Tree
980	Hard	Unique Paths III	Bit Manipulation,Array,Backtracking,Matrix
981	Medium	Time Based Key-Value Store	Design,Hash Table,String,Binary Search
982	Hard	Triples with Bitwise AND Equal To Zero	Bit Manipulation,Array,Hash Table
983	Medium	Minimum Cost For Tickets	Array,Dynamic Programming
984	Medium	String Without AAA or BBB	Greedy,String
985	Medium	Sum of Even Numbers After Queries	Array,Simulation
986	Medium	Interval List Intersections	Array,Two Pointers,Sweep Line
987	Hard	Vertical Order Traversal of a Binary Tree	Tree,Depth-First Search,Breadth-First Search,Hash Table,Binary Tree,Sorting
988	Medium	Smallest String Starting From Leaf	Tree,Depth-First Search,String,Backtracking,Binary Tree
989	Easy	Add to Array-Form of Integer	Array,Math
990	Medium	Satisfiability of Equality Equations	Union Find,Graph,Array,String
991	Medium	Broken Calculator	Greedy,Math
992	Hard	Subarrays with K Different Integers	Array,Hash Table,Counting,Sliding Window
993	Easy	Cousins in Binary Tree	Tree,Depth-First Search,Breadth-First Search,Binary Tree
994	Medium	Rotting Oranges	Breadth-First Search,Array,Matrix
995	Hard	Minimum Number of K Consecutive Bit Flips	Bit Manipulation,Queue,Array,Prefix Sum,Sliding Window
996	Hard	Number of Squareful Arrays	Bit Manipulation,Array,Hash Table,Math,Dynamic Programming,Backtracking,Bitmask
997	Easy	Find the Town Judge	Graph,Array,Hash Table
998	Medium	Maximum Binary Tree II	Tree,Binary Tree
999	Easy	Available Captures for Rook	Array,Matrix,Simulation
1000	Hard	Minimum Cost to Merge Stones	Array,Dynamic Programming,Prefix Sum
1001	Hard	Grid Illumination	Array,Hash Table
1002	Easy	Find Common Characters	Array,Hash Table,String
1003	Medium	Check If Word Is Valid After Substitutions	Stack,String
1004	Medium	Max Consecutive Ones III	Array,Binary Search,Prefix Sum,Sliding Window
1005	Easy	Maximize Sum Of Array After K Negations	Greedy,Array,Sorting
1006	Medium	Clumsy Factorial	Stack,Math,Simulation
1007	Medium	Minimum Domino Rotations For Equal Row	Greedy,Array
1008	Medium	Construct Binary Search Tree from Preorder Traversal	Stack,Tree,Binary Search Tree,Array,Binary Tree,Monotonic Stack
1009	Easy	Complement of Base 10 Integer	Bit Manipulation
1010	Medium	Pairs of Songs With Total Durations Divisible by 60	Array,Hash Table,Counting
1011	Medium	Capacity To Ship Packages Within D Days	Array,Binary Search
1012	Hard	Numbers With Repeated Digits	Math,Dynamic Programming
1013	Easy	Partition Array Into Three Parts With Equal Sum	Greedy,Array
1014	Medium	Best Sightseeing Pair	Array,Dynamic Programming
1015	Medium	Smallest Integer Divisible by K	Hash Table,Math
1016	Medium	Binary String With Substrings Representing 1 To N	Bit Manipulation,Hash Table,String,Sliding Window
1017	Medium	Convert to Base -2	Math
1018	Easy	Binary Prefix Divisible By 5	Bit Manipulation,Array
1019	Medium	Next Greater Node In Linked List	Stack,Array,Linked List,Monotonic Stack
1020	Medium	Number of Enclaves	Depth-First Search,Breadth-First Search,Union Find,Array,Matrix
1021	Easy	Remove Outermost Parentheses	Stack,String
1022	Easy	Sum of Root To Leaf Binary Numbers	Tree,Depth-First Search,Binary Tree
1023	Medium	Camelcase Matching	Trie,Array,Two Pointers,String,String Matching
1024	Medium	Video Stitching	Greedy,Array,Dynamic Programming
1025	Easy	Divisor Game	Brainteaser,Math,Dynamic Programming,Game Theory
1026	Medium	Maximum Difference Between Node and Ancestor	Tree,Depth-First Search,Binary Tree
1027	Medium	Longest Arithmetic Subsequence	Array,Hash Table,Binary Search,Dynamic Programming
1028	Hard	Recover a Tree From Preorder Traversal	Tree,Depth-First Search,String,Binary Tree
1029	Medium	Two City Scheduling	Greedy,Array,Sorting
1030	Easy	Matrix Cells in Distance Order	Geometry,Array,Math,Matrix,Sorting
1031	Medium	Maximum Sum of Two Non-Overlapping Subarrays	Array,Dynamic Programming,Sliding Window
1032	Hard	Stream of Characters	Design,Trie,Array,String,Data Stream
1033	Medium	Moving Stones Until Consecutive	Brainteaser,Math
1034	Medium	Coloring A Border	Depth-First Search,Breadth-First Search,Array,Matrix
1035	Medium	Uncrossed Lines	Array,Dynamic Programming
1036	Hard	Escape a Large Maze	Depth-First Search,Breadth-First Search,Array,Hash Table
1037	Easy	Valid Boomerang	Geometry,Array,Math
1038	Medium	Binary Search Tree to Greater Sum Tree	Tree,Depth-First Search,Binary Search Tree,Binary Tree
1039	Medium	Minimum Score Triangulation of Polygon	Array,Dynamic Programming
1040	Medium	Moving Stones Until Consecutive II	Array,Math,Sorting,Sliding Window
1041	Medium	Robot Bounded In Circle	Math,String,Simulation
1042	Medium	Flower Planting With No Adjacent	Depth-First Search,Breadth-First Search,Graph
1043	Medium	Partition Array for Maximum Sum	Array,Dynamic Programming
1044	Hard	Longest Duplicate Substring	String,Binary Search,Suffix Array,Sliding Window,Hash Function,Rolling Hash
1045	Medium	Customers Who Bought All Products	Database
1046	Easy	Last Stone Weight	Array,Heap (Priority Queue)
1047	Easy	Remove All Adjacent Duplicates In String	Stack,String
1048	Medium	Longest String Chain	Array,Hash Table,Two Pointers,String,Dynamic Programming,Sorting
1049	Medium	Last Stone Weight II	Array,Dynamic Programming
1050	Easy	Actors and Directors Who Cooperated At Least Three Times	Database
1051	Easy	Height Checker	Array,Counting Sort,Sorting
1052	Medium	Grumpy Bookstore Owner	Array,Sliding Window
1053	Medium	Previous Permutation With One Swap	Greedy,Array
1054	Medium	Distant Barcodes	Greedy,Array,Hash Table,Counting,Sorting,Heap (Priority Queue)
1055	Medium	Shortest Way to Form String	Greedy,Two Pointers,String,Binary Search
1056	Easy	Confusing Number	Math
1057	Medium	Campus Bikes	Array,Sorting,Heap (Priority Queue)
1058	Medium	Minimize Rounding Error to Meet Target	Greedy,Array,Math,String,Sorting
1059	Medium	All Paths from Source Lead to Destination	Graph,Topological Sort
1060	Medium	Missing Element in Sorted Array	Array,Binary Search
1061	Medium	Lexicographically Smallest Equivalent String	Union Find,String
1062	Medium	Longest Repeating Substring	String,Binary Search,Dynamic Programming,Suffix Array,Hash Function,Rolling Hash
1063	Hard	Number of Valid Subarrays	Stack,Array,Monotonic Stack
1064	Easy	Fixed Point	Array,Binary Search
1065	Easy	Index Pairs of a String	Trie,Array,String,Sorting
1066	Medium	Campus Bikes II	Bit Manipulation,Array,Dynamic Programming,Backtracking,Bitmask
1067	Hard	Digit Count in Range	Math,Dynamic Programming
1068	Easy	Product Sales Analysis I	Database
1069	Easy	Product Sales Analysis II	Database
1070	Medium	Product Sales Analysis III	Database
1071	Easy	Greatest Common Divisor of Strings	Math,String
1072	Medium	Flip Columns For Maximum Number of Equal Rows	Array,Hash Table,Matrix
1073	Medium	Adding Two Negabinary Numbers	Array,Math
1074	Hard	Number of Submatrices That Sum to Target	Array,Hash Table,Matrix,Prefix Sum
1075	Easy	Project Employees I	Database
1076	Easy	Project Employees II	Database
1077	Medium	Project Employees III	Database
1078	Easy	Occurrences After Bigram	String
1079	Medium	Letter Tile Possibilities	Hash Table,String,Backtracking,Counting
1080	Medium	Insufficient Nodes in Root to Leaf Paths	Tree,Depth-First Search,Binary Tree
1081	Medium	Smallest Subsequence of Distinct Characters	Stack,Greedy,String,Monotonic Stack
1082	Easy	Sales Analysis I	Database
1083	Easy	Sales Analysis II	Database
1084	Easy	Sales Analysis III	Database
1085	Easy	Sum of Digits in the Minimum Number	Array,Math
1086	Easy	High Five	Array,Hash Table,Sorting,Heap (Priority Queue)
1087	Medium	Brace Expansion	Stack,Breadth-First Search,String,Backtracking,Sorting
1088	Hard	Confusing Number II	Math,Backtracking
1089	Easy	Duplicate Zeros	Array,Two Pointers
1090	Medium	Largest Values From Labels	Greedy,Array,Hash Table,Counting,Sorting
1091	Medium	Shortest Path in Binary Matrix	Breadth-First Search,Array,Matrix
1092	Hard	Shortest Common Supersequence	String,Dynamic Programming
1093	Medium	Statistics from a Large Sample	Array,Math,Probability and Statistics
1094	Medium	Car Pooling	Array,Prefix Sum,Sorting,Simulation,Heap (Priority Queue)
1095	Hard	Find in Mountain Array	Array,Binary Search,Interactive
1096	Hard	Brace Expansion II	Stack,Breadth-First Search,Hash Table,String,Backtracking,Sorting
1097	Hard	Game Play Analysis V	Database
1098	Medium	Unpopular Books	Database
1099	Easy	Two Sum Less Than K	Array,Two Pointers,Binary Search,Sorting
1100	Medium	Find K-Length Substrings With No Repeated Characters	Hash Table,String,Sliding Window
1101	Medium	The Earliest Moment When Everyone Become Friends	Union Find,Array,Sorting
1102	Medium	Path With Maximum Minimum Value	Depth-First Search,Breadth-First Search,Union Find,Array,Binary Search,Matrix,Heap (Priority Queue)
1103	Easy	Distribute Candies to People	Math,Simulation
1104	Medium	Path In Zigzag Labelled Binary Tree	Tree,Math,Binary Tree
1105	Medium	Filling Bookcase Shelves	Array,Dynamic Programming
1106	Hard	Parsing A Boolean Expression	Stack,Recursion,String
1107	Medium	New Users Daily Count	Database
1108	Easy	Defanging an IP Address	String
1109	Medium	Corporate Flight Bookings	Array,Prefix Sum
1110	Medium	Delete Nodes And Return Forest	Tree,Depth-First Search,Array,Hash Table,Binary Tree
1111	Medium	Maximum Nesting Depth of Two Valid Parentheses Strings	Stack,String
1112	Medium	Highest Grade For Each Student	Database
1113	Easy	Reported Posts	Database
1114	Easy	Print in Order	多线程
1115	Medium	Print FooBar Alternately	多线程
1116	Medium	Print Zero Even Odd	多线程
1117	Medium	Building H2O	多线程
1118	Easy	Number of Days in a Month	Math
1119	Easy	Remove Vowels from a String	String
1120	Medium	Maximum Average Subtree	Tree,Depth-First Search,Binary Tree
1121	Hard	Divide Array Into Increasing Sequences	Array,Counting
1122	Easy	Relative Sort Array	Array,Hash Table,Counting Sort,Sorting
1123	Medium	Lowest Common Ancestor of Deepest Leaves	Tree,Depth-First Search,Breadth-First Search,Hash Table,Binary Tree
1124	Medium	Longest Well-Performing Interval	Stack,Array,Hash Table,Prefix Sum,Monotonic Stack
1125	Hard	Smallest Sufficient Team	Bit Manipulation,Array,Dynamic Programming,Bitmask
1126	Medium	Active Businesses	Database
1127	Hard	User Purchase Platform	Database
1128	Easy	Number of Equivalent Domino Pairs	Array,Hash Table,Counting
1129	Medium	Shortest Path with Alternating Colors	Breadth-First Search,Graph
1130	Medium	Minimum Cost Tree From Leaf Values	Stack,Greedy,Array,Dynamic Programming,Monotonic Stack
1131	Medium	Maximum of Absolute Value Expression	Array,Math
1132	Medium	Reported Posts II	Database
1133	Easy	Largest Unique Number	Array,Hash Table,Sorting
1134	Easy	Armstrong Number	Math
1135	Medium	Connecting Cities With Minimum Cost	Union Find,Graph,Minimum Spanning Tree,Heap (Priority Queue)
1136	Medium	Parallel Courses	Graph,Topological Sort
1137	Easy	N-th Tribonacci Number	Memoization,Math,Dynamic Programming
1138	Medium	Alphabet Board Path	Hash Table,String
1139	Medium	Largest 1-Bordered Square	Array,Dynamic Programming,Matrix
1140	Medium	Stone Game II	Array,Math,Dynamic Programming,Game Theory,Prefix Sum
1141	Easy	User Activity for the Past 30 Days I	Database
1142	Easy	User Activity for the Past 30 Days II	Database
1143	Medium	Longest Common Subsequence	String,Dynamic Programming
1144	Medium	Decrease Elements To Make Array Zigzag	Greedy,Array
1145	Medium	Binary Tree Coloring Game	Tree,Depth-First Search,Binary Tree
1146	Medium	Snapshot Array	Design,Array,Hash Table,Binary Search
1147	Hard	Longest Chunked Palindrome Decomposition	Greedy,Two Pointers,String,Dynamic Programming,Hash Function,Rolling Hash
1148	Easy	Article Views I	Database
1149	Medium	Article Views II	Database
1150	Easy	Check If a Number Is Majority Element in a Sorted Array	Array,Binary Search
1151	Medium	Minimum Swaps to Group All 1's Together	Array,Sliding Window
1152	Medium	Analyze User Website Visit Pattern	Array,Hash Table,String,Sorting
1153	Hard	String Transforms Into Another String	Graph,Hash Table,String
1154	Easy	Day of the Year	Math,String
1155	Medium	Number of Dice Rolls With Target Sum	Dynamic Programming
1156	Medium	Swap For Longest Repeated Character Substring	Hash Table,String,Sliding Window
1157	Hard	Online Majority Element In Subarray	Design,Binary Indexed Tree,Segment Tree,Array,Binary Search
1158	Medium	Market Analysis I	Database
1159	Hard	Market Analysis II	Database
1160	Easy	Find Words That Can Be Formed by Characters	Array,Hash Table,String,Counting
1161	Medium	Maximum Level Sum of a Binary Tree	Tree,Depth-First Search,Breadth-First Search,Binary Tree
1162	Medium	As Far from Land as Possible	Breadth-First Search,Array,Dynamic Programming,Matrix
1163	Hard	Last Substring in Lexicographical Order	Two Pointers,String
1164	Medium	Product Price at a Given Date	Database
1165	Easy	Single-Row Keyboard	Hash Table,String
1166	Medium	Design File System	Design,Trie,Hash Table,String
1167	Medium	Minimum Cost to Connect Sticks	Greedy,Array,Heap (Priority Queue)
1168	Hard	Optimize Water Distribution in a Village	Union Find,Graph,Minimum Spanning Tree,Heap (Priority Queue)
1169	Medium	Invalid Transactions	Array,Hash Table,String,Sorting
1170	Medium	Compare Strings by Frequency of the Smallest Character	Array,Hash Table,String,Binary Search,Sorting
1171	Medium	Remove Zero Sum Consecutive Nodes from Linked List	Hash Table,Linked List
1172	Hard	Dinner Plate Stacks	Stack,Design,Hash Table,Heap (Priority Queue)
1173	Easy	Immediate Food Delivery I	Database
1174	Medium	Immediate Food Delivery II	Database
1175	Easy	Prime Arrangements	Math
1176	Easy	Diet Plan Performance	Array,Sliding Window
1177	Medium	Can Make Palindrome from Substring	Bit Manipulation,Array,Hash Table,String,Prefix Sum
1178	Hard	Number of Valid Words for Each Puzzle	Bit Manipulation,Trie,Array,Hash Table,String
1179	Easy	Reformat Department Table	Database
1180	Easy	Count Substrings with Only One Distinct Letter	Math,String
1181	Medium	Before and After Puzzle	Array,Hash Table,String,Sorting
1182	Medium	Shortest Distance to Target Color	Array,Binary Search,Dynamic Programming
1183	Hard	Maximum Number of Ones	Greedy,Math,Sorting,Heap (Priority Queue)
1184	Easy	Distance Between Bus Stops	Array
1185	Easy	Day of the Week	Math
1186	Medium	Maximum Subarray Sum with One Deletion	Array,Dynamic Programming
1187	Hard	Make Array Strictly Increasing	Array,Binary Search,Dynamic Programming,Sorting
1188	Medium	Design Bounded Blocking Queue	多线程
1189	Easy	Maximum Number of Balloons	Hash Table,String,Counting
1190	Medium	Reverse Substrings Between Each Pair of Parentheses	Stack,String
1191	Medium	K-Concatenation Maximum Sum	Array,Dynamic Programming
1192	Hard	Critical Connections in a Network	Depth-First Search,Graph,Biconnected Component
1193	Medium	Monthly Transactions I	Database
1194	Hard	Tournament Winners	Database
1195	Medium	Fizz Buzz Multithreaded	多线程
1196	Easy	How Many Apples Can You Put into the Basket	Greedy,Array,Sorting
1197	Medium	Minimum Knight Moves	Breadth-First Search
1198	Medium	Find Smallest Common Element in All Rows	Array,Hash Table,Binary Search,Counting,Matrix
1199	Hard	Minimum Time to Build Blocks	Greedy,Array,Math,Heap (Priority Queue)
1200	Easy	Minimum Absolute Difference	Array,Sorting
1201	Medium	Ugly Number III	Math,Binary Search,Combinatorics,Number Theory
1202	Medium	Smallest String With Swaps	Depth-First Search,Breadth-First Search,Union Find,Array,Hash Table,String,Sorting
1203	Hard	Sort Items by Groups Respecting Dependencies	Depth-First Search,Breadth-First Search,Graph,Topological Sort
1204	Medium	Last Person to Fit in the Bus	Database
1205	Medium	Monthly Transactions II	Database
1206	Hard	Design Skiplist	Design,Linked List
1207	Easy	Unique Number of Occurrences	Array,Hash Table
1208	Medium	Get Equal Substrings Within Budget	String,Binary Search,Prefix Sum,Sliding Window
1209	Medium	Remove All Adjacent Duplicates in String II	Stack,String
1210	Hard	Minimum Moves to Reach Target with Rotations	Breadth-First Search,Array,Matrix
1211	Easy	Queries Quality and Percentage	Database
1212	Medium	Team Scores in Football Tournament	Database
1213	Easy	Intersection of Three Sorted Arrays	Array,Hash Table,Binary Search,Counting
1214	Medium	Two Sum BSTs	Stack,Tree,Depth-First Search,Binary Search Tree,Two Pointers,Binary Search,Binary Tree
1215	Medium	Stepping Numbers	Breadth-First Search,Math,Backtracking
1216	Hard	Valid Palindrome III	String,Dynamic Programming
1217	Easy	Minimum Cost to Move Chips to The Same Position	Greedy,Array,Math
1218	Medium	Longest Arithmetic Subsequence of Given Difference	Array,Hash Table,Dynamic Programming
1219	Medium	Path with Maximum Gold	Array,Backtracking,Matrix
1220	Hard	Count Vowels Permutation	Dynamic Programming
1221	Easy	Split a String in Balanced Strings	Greedy,String,Counting
1222	Medium	Queens That Can Attack the King	Array,Matrix,Simulation
1223	Hard	Dice Roll Simulation	Array,Dynamic Programming
1224	Hard	Maximum Equal Frequency	Array,Hash Table
1225	Hard	Report Contiguous Dates	Database
1226	Medium	The Dining Philosophers	多线程
1227	Medium	Airplane Seat Assignment Probability	Brainteaser,Math,Dynamic Programming,Probability and Statistics
1228	Easy	Missing Number In Arithmetic Progression	Array,Math
1229	Medium	Meeting Scheduler	Array,Two Pointers,Sorting
1230	Medium	Toss Strange Coins	Array,Math,Dynamic Programming,Probability and Statistics
1231	Hard	Divide Chocolate	Array,Binary Search
1232	Easy	Check If It Is a Straight Line	Geometry,Array,Math
1233	Medium	Remove Sub-Folders from the Filesystem	Depth-First Search,Trie,Array,String
1234	Medium	Replace the Substring for Balanced String	String,Sliding Window
1235	Hard	Maximum Profit in Job Scheduling	Array,Binary Search,Dynamic Programming,Sorting
1236	Medium	Web Crawler	Depth-First Search,Breadth-First Search,String,Interactive
1237	Medium	Find Positive Integer Solution for a Given Equation	Math,Two Pointers,Binary Search,Interactive
1238	Medium	Circular Permutation in Binary Representation	Bit Manipulation,Math,Backtracking
1239	Medium	Maximum Length of a Concatenated String with Unique Characters	Bit Manipulation,Array,String,Backtracking
1240	Hard	Tiling a Rectangle with the Fewest Squares	Backtracking
1241	Easy	Number of Comments per Post	Database
1242	Medium	Web Crawler Multithreaded	Depth-First Search,Breadth-First Search,多线程
1243	Easy	Array Transformation	Array,Simulation
1244	Medium	Design A Leaderboard	Design,Hash Table,Sorting
1245	Medium	Tree Diameter	Tree,Depth-First Search,Breadth-First Search,Graph,Topological Sort
1246	Hard	Palindrome Removal	Array,Dynamic Programming
1247	Medium	Minimum Swaps to Make Strings Equal	Greedy,Math,String
1248	Medium	Count Number of Nice Subarrays	Array,Hash Table,Math,Prefix Sum,Sliding Window
1249	Medium	Minimum Remove to Make Valid Parentheses	Stack,String
1250	Hard	Check If It Is a Good Array	Array,Math,Number Theory
1251	Easy	Average Selling Price	Database
1252	Easy	Cells with Odd Values in a Matrix	Array,Math,Simulation
1253	Medium	Reconstruct a 2-Row Binary Matrix	Greedy,Array,Matrix
1254	Medium	Number of Closed Islands	Depth-First Search,Breadth-First Search,Union Find,Array,Matrix
1255	Hard	Maximum Score Words Formed by Letters	Bit Manipulation,Array,Hash Table,String,Dynamic Programming,Backtracking,Bitmask,Counting
1256	Medium	Encode Number	Bit Manipulation,Math,String
1257	Medium	Smallest Common Region	Tree,Depth-First Search,Breadth-First Search,Array,Hash Table,String
1258	Medium	Synonymous Sentences	Sort,Union Find,Array,Hash Table,String,Backtracking
1259	Hard	Handshakes That Don't Cross	Math,Dynamic Programming
1260	Easy	Shift 2D Grid	Array,Matrix,Simulation
1261	Medium	Find Elements in a Contaminated Binary Tree	Tree,Depth-First Search,Breadth-First Search,Design,Hash Table,Binary Tree
1262	Medium	Greatest Sum Divisible by Three	Greedy,Array,Dynamic Programming,Sorting
1263	Hard	Minimum Moves to Move a Box to Their Target Location	Breadth-First Search,Array,Matrix,Heap (Priority Queue)
1264	Medium	Page Recommendations	Database
1265	Medium	Print Immutable Linked List in Reverse	Stack,Recursion,Linked List,Two Pointers
1266	Easy	Minimum Time Visiting All Points	Geometry,Array,Math
1267	Medium	Count Servers that Communicate	Depth-First Search,Breadth-First Search,Union Find,Array,Counting,Matrix
1268	Medium	Search Suggestions System	Trie,Array,String,Binary Search,Sorting,Heap (Priority Queue)
1269	Hard	Number of Ways to Stay in the Same Place After Some Steps	Dynamic Programming
1270	Medium	All People Report to the Given Manager	Database
1271	Easy	Hexspeak	Math,String
1272	Medium	Remove Interval	Array
1273	Medium	Delete Tree Nodes	Tree,Depth-First Search,Breadth-First Search,Array
1274	Hard	Number of Ships in a Rectangle	Array,Divide and Conquer,Interactive
1275	Easy	Find Winner on a Tic Tac Toe Game	Array,Hash Table,Matrix,Simulation
1276	Medium	Number of Burgers with No Waste of Ingredients	Math
1277	Medium	Count Square Submatrices with All Ones	Array,Dynamic Programming,Matrix
1278	Hard	Palindrome Partitioning III	String,Dynamic Programming
1279	Easy	Traffic Light Controlled Intersection	多线程
1280	Easy	Students and Examinations	Database
1281	Easy	Subtract the Product and Sum of Digits of an Integer	Math
1282	Medium	Group the People Given the Group Size They Belong To	Greedy,Array,Hash Table
1283	Medium	Find the Smallest Divisor Given a Threshold	Array,Binary Search
1284	Hard	Minimum Number of Flips to Convert Binary Matrix to Zero Matrix	Bit Manipulation,Breadth-First Search,Array,Hash Table,Matrix
1285	Medium	Find the Start and End Number of Continuous Ranges	Database
1286	Medium	Iterator for Combination	Design,String,Backtracking,Iterator
1287	Easy	Element Appearing More Than 25% In Sorted Array	Array
1288	Medium	Remove Covered Intervals	Array,Sorting
1289	Hard	Minimum Falling Path Sum II	Array,Dynamic Programming,Matrix
1290	Easy	Convert Binary Number in a Linked List to Integer	Linked List,Math
1291	Medium	Sequential Digits	Enumeration
1292	Medium	Maximum Side Length of a Square with Sum Less than or Equal to Threshold	Array,Binary Search,Matrix,Prefix Sum
1293	Hard	Shortest Path in a Grid with Obstacles Elimination	Breadth-First Search,Array,Matrix
1294	Easy	Weather Type in Each Country	Database
1295	Easy	Find Numbers with Even Number of Digits	Array,Math
1296	Medium	Divide Array in Sets of K Consecutive Numbers	Greedy,Array,Hash Table,Sorting
1297	Medium	Maximum Number of Occurrences of a Substring	Hash Table,String,Sliding Window
1298	Hard	Maximum Candies You Can Get from Boxes	Breadth-First Search,Graph,Array
1299	Easy	Replace Elements with Greatest Element on Right Side	Array
1300	Medium	Sum of Mutated Array Closest to Target	Array,Binary Search,Sorting
1301	Hard	Number of Paths with Max Score	Array,Dynamic Programming,Matrix
1302	Medium	Deepest Leaves Sum	Tree,Depth-First Search,Breadth-First Search,Binary Tree
1303	Easy	Find the Team Size	Database
1304	Easy	Find N Unique Integers Sum up to Zero	Array,Math
1305	Medium	All Elements in Two Binary Search Trees	Tree,Depth-First Search,Binary Search Tree,Binary Tree,Sorting
1306	Medium	Jump Game III	Depth-First Search,Breadth-First Search,Array
1307	Hard	Verbal Arithmetic Puzzle	Array,Math,String,Backtracking
1308	Medium	Running Total for Different Genders	Database
1309	Easy	Decrypt String from Alphabet to Integer Mapping	String
1310	Medium	XOR Queries of a Subarray	Bit Manipulation,Array,Prefix Sum
1311	Medium	Get Watched Videos by Your Friends	Breadth-First Search,Graph,Array,Hash Table,Sorting
1312	Hard	Minimum Insertion Steps to Make a String Palindrome	String,Dynamic Programming
1313	Easy	Decompress Run-Length Encoded List	Array
1314	Medium	Matrix Block Sum	Array,Matrix,Prefix Sum
1315	Medium	Sum of Nodes with Even-Valued Grandparent	Tree,Depth-First Search,Breadth-First Search,Binary Tree
1316	Hard	Distinct Echo Substrings	Trie,String,Hash Function,Rolling Hash
1317	Easy	Convert Integer to the Sum of Two No-Zero Integers	Math
1318	Medium	Minimum Flips to Make a OR b Equal to c	Bit Manipulation
1319	Medium	Number of Operations to Make Network Connected	Depth-First Search,Breadth-First Search,Union Find,Graph
1320	Hard	Minimum Distance to Type a Word Using Two Fingers	String,Dynamic Programming
1321	Medium	Restaurant Growth	Database
1322	Easy	Ads Performance	Database
1323	Easy	Maximum 69 Number	Greedy,Math
1324	Medium	Print Words Vertically	Array,String,Simulation
1325	Medium	Delete Leaves With a Given Value	Tree,Depth-First Search,Binary Tree
1326	Hard	Minimum Number of Taps to Open to Water a Garden	Greedy,Array,Dynamic Programming
1327	Easy	List the Products Ordered in a Period	Database
1328	Medium	Break a Palindrome	Greedy,String
1329	Medium	Sort the Matrix Diagonally	Array,Matrix,Sorting
1330	Hard	Reverse Subarray To Maximize Array Value	Greedy,Array,Math
1331	Easy	Rank Transform of an Array	Array,Hash Table,Sorting
1332	Easy	Remove Palindromic Subsequences	Two Pointers,String
1333	Medium	Filter Restaurants by Vegan-Friendly, Price and Distance	Array,Sorting
1334	Medium	Find the City With the Smallest Number of Neighbors at a Threshold Distance	Graph,Dynamic Programming,Shortest Path
1335	Hard	Minimum Difficulty of a Job Schedule	Array,Dynamic Programming
1336	Hard	Number of Transactions per Visit	Database
1337	Easy	The K Weakest Rows in a Matrix	Array,Binary Search,Matrix,Sorting,Heap (Priority Queue)
1338	Medium	Reduce Array Size to The Half	Greedy,Array,Hash Table,Sorting,Heap (Priority Queue)
1339	Medium	Maximum Product of Splitted Binary Tree	Tree,Depth-First Search,Binary Tree
1340	Hard	Jump Game V	Array,Dynamic Programming,Sorting
1341	Medium	Movie Rating	Database
1342	Easy	Number of Steps to Reduce a Number to Zero	Bit Manipulation,Math
1343	Medium	Number of Sub-arrays of Size K and Average Greater than or Equal to Threshold	Array,Sliding Window
1344	Medium	Angle Between Hands of a Clock	Math
1345	Hard	Jump Game IV	Breadth-First Search,Array,Hash Table
1346	Easy	Check If N and Its Double Exist	Array,Hash Table,Two Pointers,Binary Search,Sorting
1347	Medium	Minimum Number of Steps to Make Two Strings Anagram	Hash Table,String,Counting
1348	Medium	Tweet Counts Per Frequency	Design,Hash Table,String,Binary Search,Ordered Set,Sorting
1349	Hard	Maximum Students Taking Exam	Bit Manipulation,Array,Dynamic Programming,Bitmask,Matrix
1350	Easy	Students With Invalid Departments	Database
1351	Easy	Count Negative Numbers in a Sorted Matrix	Array,Binary Search,Matrix
1352	Medium	Product of the Last K Numbers	Design,Array,Math,Data Stream,Prefix Sum
1353	Medium	Maximum Number of Events That Can Be Attended	Greedy,Array,Sorting,Heap (Priority Queue)
1354	Hard	Construct Target Array With Multiple Sums	Array,Heap (Priority Queue)
1355	Medium	Activity Participants	Database
1356	Easy	Sort Integers by The Number of 1 Bits	Bit Manipulation,Array,Counting,Sorting
1357	Medium	Apply Discount Every n Orders	Design,Array,Hash Table
1358	Medium	Number of Substrings Containing All Three Characters	Hash Table,String,Sliding Window
1359	Hard	Count All Valid Pickup and Delivery Options	Math,Dynamic Programming,Combinatorics
1360	Easy	Number of Days Between Two Dates	Math,String
1361	Medium	Validate Binary Tree Nodes	Tree,Depth-First Search,Breadth-First Search,Union Find,Graph,Binary Tree
1362	Medium	Closest Divisors	Math
1363	Hard	Largest Multiple of Three	Greedy,Array,Math,Dynamic Programming,Sorting
1364	Medium	Number of Trusted Contacts of a Customer	Database
1365	Easy	How Many Numbers Are Smaller Than the Current Number	Array,Hash Table,Counting Sort,Sorting
1366	Medium	Rank Teams by Votes	Array,Hash Table,String,Counting,Sorting
1367	Medium	Linked List in Binary Tree	Tree,Depth-First Search,Linked List,Binary Tree
1368	Hard	Minimum Cost to Make at Least One Valid Path in a Grid	Breadth-First Search,Graph,Array,Matrix,Shortest Path,Heap (Priority Queue)
1369	Hard	Get the Second Most Recent Activity	Database
1370	Easy	Increasing Decreasing String	Hash Table,String,Counting
1371	Medium	Find the Longest Substring Containing Vowels in Even Counts	Bit Manipulation,Hash Table,String,Prefix Sum
1372	Medium	Longest ZigZag Path in a Binary Tree	Tree,Depth-First Search,Dynamic Programming,Binary Tree
1373	Hard	Maximum Sum BST in Binary Tree	Tree,Depth-First Search,Binary Search Tree,Dynamic Programming,Binary Tree
1374	Easy	Generate a String With Characters That Have Odd Counts	String
1375	Medium	Number of Times Binary String Is Prefix-Aligned	Array
1376	Medium	Time Needed to Inform All Employees	Tree,Depth-First Search,Breadth-First Search
1377	Hard	Frog Position After T Seconds	Tree,Depth-First Search,Breadth-First Search,Graph
1378	Easy	Replace Employee ID With The Unique Identifier	Database
1379	Easy	Find a Corresponding Node of a Binary Tree in a Clone of That Tree	Tree,Depth-First Search,Breadth-First Search,Binary Tree
1380	Easy	Lucky Numbers in a Matrix	Array,Matrix
1381	Medium	Design a Stack With Increment Operation	Stack,Design,Array
1382	Medium	Balance a Binary Search Tree	Greedy,Tree,Depth-First Search,Binary Search Tree,Divide and Conquer,Binary Tree
1383	Hard	Maximum Performance of a Team	Greedy,Array,Sorting,Heap (Priority Queue)
1384	Hard	Total Sales Amount by Year	Database
1385	Easy	Find the Distance Value Between Two Arrays	Array,Two Pointers,Binary Search,Sorting
1386	Medium	Cinema Seat Allocation	Greedy,Bit Manipulation,Array,Hash Table
1387	Medium	Sort Integers by The Power Value	Memoization,Dynamic Programming,Sorting
1388	Hard	Pizza With 3n Slices	Greedy,Array,Dynamic Programming,Heap (Priority Queue)
1389	Easy	Create Target Array in the Given Order	Array,Simulation
1390	Medium	Four Divisors	Array,Math
1391	Medium	Check if There is a Valid Path in a Grid	Depth-First Search,Breadth-First Search,Union Find,Array,Matrix
1392	Hard	Longest Happy Prefix	String,String Matching,Hash Function,Rolling Hash
1393	Medium	Capital GainLoss	Database
1394	Easy	Find Lucky Integer in an Array	Array,Hash Table,Counting
1395	Medium	Count Number of Teams	Binary Indexed Tree,Segment Tree,Array,Dynamic Programming
1396	Medium	Design Underground System	Design,Hash Table,String
1397	Hard	Find All Good Strings	String,Dynamic Programming,String Matching
1398	Medium	Customers Who Bought Products A and B but Not C	Database
1399	Easy	Count Largest Group	Hash Table,Math,Counting
1400	Medium	Construct K Palindrome Strings	Greedy,Hash Table,String,Counting
1401	Medium	Circle and Rectangle Overlapping	Geometry,Math
1402	Hard	Reducing Dishes	Greedy,Array,Dynamic Programming,Sorting
1403	Easy	Minimum Subsequence in Non-Increasing Order	Greedy,Array,Sorting
1404	Medium	Number of Steps to Reduce a Number in Binary Representation to One	Bit Manipulation,String,Simulation
1405	Medium	Longest Happy String	Greedy,String,Heap (Priority Queue)
1406	Hard	Stone Game III	Array,Math,Dynamic Programming,Game Theory
1407	Easy	Top Travellers	Database
1408	Easy	String Matching in an Array	Array,String,String Matching
1409	Medium	Queries on a Permutation With Key	Binary Indexed Tree,Array,Simulation
1410	Medium	HTML Entity Parser	Hash Table,String
1411	Hard	Number of Ways to Paint N × 3 Grid	Dynamic Programming
1412	Hard	Find the Quiet Students in All Exams	Database
1413	Easy	Minimum Value to Get Positive Step by Step Sum	Array,Prefix Sum
1414	Medium	Find the Minimum Number of Fibonacci Numbers Whose Sum Is K	Greedy,Math
1415	Medium	The k-th Lexicographical String of All Happy Strings of Length n	String,Backtracking
1416	Hard	Restore The Array	String,Dynamic Programming
1417	Easy	Reformat The String	String
1418	Medium	Display Table of Food Orders in a Restaurant	Array,Hash Table,String,Ordered Set,Sorting
1419	Medium	Minimum Number of Frogs Croaking	String,Counting
1420	Hard	Build Array Where You Can Find The Maximum Exactly K Comparisons	Dynamic Programming,Prefix Sum
1421	Easy	NPV Queries	Database
1422	Easy	Maximum Score After Splitting a String	String,Prefix Sum
1423	Medium	Maximum Points You Can Obtain from Cards	Array,Prefix Sum,Sliding Window
1424	Medium	Diagonal Traverse II	Array,Sorting,Heap (Priority Queue)
1425	Hard	Constrained Subsequence Sum	Queue,Array,Dynamic Programming,Sliding Window,Monotonic Queue,Heap (Priority Queue)
1426	Easy	Counting Elements	Array,Hash Table
1427	Easy	Perform String Shifts	Array,Math,String
1428	Medium	Leftmost Column with at Least a One	Array,Binary Search,Interactive,Matrix
1429	Medium	First Unique Number	Design,Queue,Array,Hash Table,Data Stream
1430	Medium	Check If a String Is a Valid Sequence from Root to Leaves Path in a Binary Tree	Tree,Depth-First Search,Breadth-First Search,Binary Tree
1431	Easy	Kids With the Greatest Number of Candies	Array
1432	Medium	Max Difference You Can Get From Changing an Integer	Greedy,Math
1433	Medium	Check If a String Can Break Another String	Greedy,String,Sorting
1434	Hard	Number of Ways to Wear Different Hats to Each Other	Bit Manipulation,Array,Dynamic Programming,Bitmask
1435	Easy	Create a Session Bar Chart	Database
1436	Easy	Destination City	Array,Hash Table,String
1437	Easy	Check If All 1's Are at Least Length K Places Away	Array
1438	Medium	Longest Continuous Subarray With Absolute Diff Less Than or Equal to Limit	Queue,Array,Ordered Set,Sliding Window,Monotonic Queue,Heap (Priority Queue)
1439	Hard	Find the Kth Smallest Sum of a Matrix With Sorted Rows	Array,Binary Search,Matrix,Heap (Priority Queue)
1440	Medium	Evaluate Boolean Expression	Database
1441	Medium	Build an Array With Stack Operations	Stack,Array,Simulation
1442	Medium	Count Triplets That Can Form Two Arrays of Equal XOR	Bit Manipulation,Array,Hash Table,Math,Prefix Sum
1443	Medium	Minimum Time to Collect All Apples in a Tree	Tree,Depth-First Search,Breadth-First Search,Hash Table
1444	Hard	Number of Ways of Cutting a Pizza	Memoization,Array,Dynamic Programming,Matrix,Prefix Sum
1445	Medium	Apples & Oranges	Database
1446	Easy	Consecutive Characters	String
1447	Medium	Simplified Fractions	Math,String,Number Theory
1448	Medium	Count Good Nodes in Binary Tree	Tree,Depth-First Search,Breadth-First Search,Binary Tree
1449	Hard	Form Largest Integer With Digits That Add up to Target	Array,Dynamic Programming
1450	Easy	Number of Students Doing Homework at a Given Time	Array
1451	Medium	Rearrange Words in a Sentence	String,Sorting
1452	Medium	People Whose List of Favorite Companies Is Not a Subset of Another List	Array,Hash Table,String
1453	Hard	Maximum Number of Darts Inside of a Circular Dartboard	Geometry,Array,Math
1454	Medium	Active Users	Database
1455	Easy	Check If a Word Occurs As a Prefix of Any Word in a Sentence	Two Pointers,String,String Matching
1456	Medium	Maximum Number of Vowels in a Substring of Given Length	String,Sliding Window
1457	Medium	Pseudo-Palindromic Paths in a Binary Tree	Bit Manipulation,Tree,Depth-First Search,Breadth-First Search,Binary Tree
1458	Hard	Max Dot Product of Two Subsequences	Array,Dynamic Programming
1459	Medium	Rectangles Area	Database
1460	Easy	Make Two Arrays Equal by Reversing Subarrays	Array,Hash Table,Sorting
1461	Medium	Check If a String Contains All Binary Codes of Size K	Bit Manipulation,Hash Table,String,Hash Function,Rolling Hash
1462	Medium	Course Schedule IV	Depth-First Search,Breadth-First Search,Graph,Topological Sort
1463	Hard	Cherry Pickup II	Array,Dynamic Programming,Matrix
1464	Easy	Maximum Product of Two Elements in an Array	Array,Sorting,Heap (Priority Queue)
1465	Medium	Maximum Area of a Piece of Cake After Horizontal and Vertical Cuts	Greedy,Array,Sorting
1466	Medium	Reorder Routes to Make All Paths Lead to the City Zero	Depth-First Search,Breadth-First Search,Graph
1467	Hard	Probability of a Two Boxes Having The Same Number of Distinct Balls	Array,Math,Dynamic Programming,Backtracking,Combinatorics,Probability and Statistics
1468	Medium	Calculate Salaries	Database
1469	Easy	Find All The Lonely Nodes	Tree,Depth-First Search,Breadth-First Search,Binary Tree
1470	Easy	Shuffle the Array	Array
1471	Medium	The k Strongest Values in an Array	Array,Two Pointers,Sorting
1472	Medium	Design Browser History	Stack,Design,Array,Linked List,Data Stream,Doubly-Linked List
1473	Hard	Paint House III	Array,Dynamic Programming
1474	Easy	Delete N Nodes After M Nodes of a Linked List	Linked List
1475	Easy	Final Prices With a Special Discount in a Shop	Stack,Array,Monotonic Stack
1476	Medium	Subrectangle Queries	Design,Array,Matrix
1477	Medium	Find Two Non-overlapping Sub-arrays Each With Target Sum	Array,Hash Table,Binary Search,Dynamic Programming,Sliding Window
1478	Hard	Allocate Mailboxes	Array,Math,Dynamic Programming,Sorting
1479	Hard	Sales by Day of the Week	Database
1480	Easy	Running Sum of 1d Array	Array,Prefix Sum
1481	Medium	Least Number of Unique Integers after K Removals	Greedy,Array,Hash Table,Counting,Sorting
1482	Medium	Minimum Number of Days to Make m Bouquets	Array,Binary Search
1483	Hard	Kth Ancestor of a Tree Node	Bit Manipulation,Tree,Depth-First Search,Breadth-First Search,Design,Binary Search,Dynamic Programming
1484	Easy	Group Sold Products By The Date	Database
1485	Medium	Clone Binary Tree With Random Pointer	Tree,Depth-First Search,Breadth-First Search,Hash Table,Binary Tree
1486	Easy	XOR Operation in an Array	Bit Manipulation,Math
1487	Medium	Making File Names Unique	Array,Hash Table,String
1488	Medium	Avoid Flood in The City	Greedy,Array,Hash Table,Binary Search,Heap (Priority Queue)
1489	Hard	Find Critical and Pseudo-Critical Edges in Minimum Spanning Tree	Union Find,Graph,Minimum Spanning Tree,Sorting,Strongly Connected Component
1490	Medium	Clone N-ary Tree	Tree,Depth-First Search,Breadth-First Search,Hash Table
1491	Easy	Average Salary Excluding the Minimum and Maximum Salary	Array,Sorting
1492	Medium	The kth Factor of n	Math,Number Theory
1493	Medium	Longest Subarray of 1's After Deleting One Element	Array,Dynamic Programming,Sliding Window
1494	Hard	Parallel Courses II	Bit Manipulation,Graph,Dynamic Programming,Bitmask
1495	Easy	Friendly Movies Streamed Last Month	Database
1496	Easy	Path Crossing	Hash Table,String
1497	Medium	Check If Array Pairs Are Divisible by k	Array,Hash Table,Counting
1498	Medium	Number of Subsequences That Satisfy the Given Sum Condition	Array,Two Pointers,Binary Search,Sorting
1499	Hard	Max Value of Equation	Queue,Array,Sliding Window,Monotonic Queue,Heap (Priority Queue)
1500	Medium	Design a File Sharing System	Design,Hash Table,Data Stream,Sorting,Heap (Priority Queue)
1501	Medium	Countries You Can Safely Invest In	Database
1502	Easy	Can Make Arithmetic Progression From Sequence	Array,Sorting
1503	Medium	Last Moment Before All Ants Fall Out of a Plank	Brainteaser,Array,Simulation
1504	Medium	Count Submatrices With All Ones	Stack,Array,Dynamic Programming,Matrix,Monotonic Stack
1505	Hard	Minimum Possible Integer After at Most K Adjacent Swaps On Digits	Greedy,Binary Indexed Tree,Segment Tree,String
1506	Medium	Find Root of N-Ary Tree	Bit Manipulation,Tree,Depth-First Search,Hash Table
1507	Easy	Reformat Date	String
1508	Medium	Range Sum of Sorted Subarray Sums	Array,Two Pointers,Binary Search,Prefix Sum,Sorting
1509	Medium	Minimum Difference Between Largest and Smallest Value in Three Moves	Greedy,Array,Sorting
1510	Hard	Stone Game IV	Math,Dynamic Programming,Game Theory
1511	Easy	Customer Order Frequency	Database
1512	Easy	Number of Good Pairs	Array,Hash Table,Math,Counting
1513	Medium	Number of Substrings With Only 1s	Math,String
1514	Medium	Path with Maximum Probability	Graph,Array,Shortest Path,Heap (Priority Queue)
1515	Hard	Best Position for a Service Centre	Geometry,Array,Math,Randomized
1516	Hard	Move Sub-Tree of N-Ary Tree	Tree,Depth-First Search
1517	Easy	Find Users With Valid E-Mails	Database
1518	Easy	Water Bottles	Math,Simulation
1519	Medium	Number of Nodes in the Sub-Tree With the Same Label	Tree,Depth-First Search,Breadth-First Search,Hash Table,Counting
1520	Hard	Maximum Number of Non-Overlapping Substrings	Greedy,Hash Table,String,Sorting
1521	Hard	Find a Value of a Mysterious Function Closest to Target	Bit Manipulation,Segment Tree,Array,Binary Search
1522	Medium	Diameter of N-Ary Tree	Tree,Depth-First Search
1523	Easy	Count Odd Numbers in an Interval Range	Math
1524	Medium	Number of Sub-arrays With Odd Sum	Array,Math,Dynamic Programming,Prefix Sum
1525	Medium	Number of Good Ways to Split a String	Bit Manipulation,Hash Table,String,Dynamic Programming,Prefix Sum
1526	Hard	Minimum Number of Increments on Subarrays to Form a Target Array	Stack,Greedy,Array,Dynamic Programming,Monotonic Stack
1527	Easy	Patients With a Condition	Database
1528	Easy	Shuffle String	Array,String
1529	Medium	Minimum Suffix Flips	Greedy,String
1530	Medium	Number of Good Leaf Nodes Pairs	Tree,Depth-First Search,Binary Tree
1531	Hard	String Compression II	String,Dynamic Programming
1532	Medium	The Most Recent Three Orders	Database
1533	Medium	Find the Index of the Large Integer	Array,Binary Search,Interactive
1534	Easy	Count Good Triplets	Array,Enumeration
1535	Medium	Find the Winner of an Array Game	Array,Simulation
1536	Medium	Minimum Swaps to Arrange a Binary Grid	Greedy,Array,Matrix
1537	Hard	Get the Maximum Score	Greedy,Array,Two Pointers,Dynamic Programming
1538	Medium	Guess the Majority in a Hidden Array	Array,Math,Interactive
1539	Easy	Kth Missing Positive Number	Array,Binary Search
1540	Medium	Can Convert String in K Moves	Hash Table,String
1541	Medium	Minimum Insertions to Balance a Parentheses String	Stack,Greedy,String
1542	Hard	Find Longest Awesome Substring	Bit Manipulation,Hash Table,String
1543	Easy	Fix Product Name Format	Database
1544	Easy	Make The String Great	Stack,String
1545	Medium	Find Kth Bit in Nth Binary String	Recursion,String,Simulation
1546	Medium	Maximum Number of Non-Overlapping Subarrays With Sum Equals Target	Greedy,Array,Hash Table,Prefix Sum
1547	Hard	Minimum Cost to Cut a Stick	Array,Dynamic Programming,Sorting
1548	Hard	The Most Similar Path in a Graph	Graph,Array,String,Dynamic Programming
1549	Medium	The Most Recent Orders for Each Product	Database
1550	Easy	Three Consecutive Odds	Array
1551	Medium	Minimum Operations to Make Array Equal	Math
1552	Medium	Magnetic Force Between Two Balls	Array,Binary Search,Sorting
1553	Hard	Minimum Number of Days to Eat N Oranges	Memoization,Dynamic Programming
1554	Medium	Strings Differ by One Character	Hash Table,String,Hash Function,Rolling Hash
1555	Medium	Bank Account Summary	Database
1556	Easy	Thousand Separator	String
1557	Medium	Minimum Number of Vertices to Reach All Nodes	Graph
1558	Medium	Minimum Numbers of Function Calls to Make Target Array	Greedy,Bit Manipulation,Array
1559	Medium	Detect Cycles in 2D Grid	Depth-First Search,Breadth-First Search,Union Find,Array,Matrix
1560	Easy	Most Visited Sector in  a Circular Track	Array,Simulation
1561	Medium	Maximum Number of Coins You Can Get	Greedy,Array,Math,Game Theory,Sorting
1562	Medium	Find Latest Group of Size M	Array,Hash Table,Binary Search,Simulation
1563	Hard	Stone Game V	Array,Math,Dynamic Programming,Game Theory
1564	Medium	Put Boxes Into the Warehouse I	Greedy,Array,Sorting
1565	Easy	Unique Orders and Customers Per Month	Database
1566	Easy	Detect Pattern of Length M Repeated K or More Times	Array,Enumeration
1567	Medium	Maximum Length of Subarray With Positive Product	Greedy,Array,Dynamic Programming
1568	Hard	Minimum Number of Days to Disconnect Island	Depth-First Search,Breadth-First Search,Array,Matrix,Strongly Connected Component
1569	Hard	Number of Ways to Reorder Array to Get Same BST	Tree,Union Find,Binary Search Tree,Memoization,Array,Math,Divide and Conquer,Dynamic Programming,Binary Tree,Combinatorics
1570	Medium	Dot Product of Two Sparse Vectors	Design,Array,Hash Table,Two Pointers
1571	Easy	Warehouse Manager	Database
1572	Easy	Matrix Diagonal Sum	Array,Matrix
1573	Medium	Number of Ways to Split a String	Math,String
1574	Medium	Shortest Subarray to be Removed to Make Array Sorted	Stack,Array,Two Pointers,Binary Search,Monotonic Stack
1575	Hard	Count All Possible Routes	Memoization,Array,Dynamic Programming
1576	Easy	Replace All 's to Avoid Consecutive Repeating Characters	String
1577	Medium	Number of Ways Where Square of Number Is Equal to Product of Two Numbers	Array,Hash Table,Math,Two Pointers
1578	Medium	Minimum Time to Make Rope Colorful	Greedy,Array,String,Dynamic Programming
1579	Hard	Remove Max Number of Edges to Keep Graph Fully Traversable	Union Find,Graph
1580	Medium	Put Boxes Into the Warehouse II	Greedy,Array,Sorting
1581	Easy	Customer Who Visited but Did Not Make Any Transactions	Database
1582	Easy	Special Positions in a Binary Matrix	Array,Matrix
1583	Medium	Count Unhappy Friends	Array,Simulation
1584	Medium	Min Cost to Connect All Points	Union Find,Graph,Array,Minimum Spanning Tree
1585	Hard	Check If String Is Transformable With Substring Sort Operations	Greedy,String,Sorting
1586	Medium	Binary Search Tree Iterator II	Stack,Tree,Design,Binary Search Tree,Binary Tree,Iterator
1587	Easy	Bank Account Summary II	Database
1588	Easy	Sum of All Odd Length Subarrays	Array,Math,Prefix Sum
1589	Medium	Maximum Sum Obtained of Any Permutation	Greedy,Array,Prefix Sum,Sorting
1590	Medium	Make Sum Divisible by P	Array,Hash Table,Prefix Sum
1591	Hard	Strange Printer II	Graph,Topological Sort,Array,Matrix
1592	Easy	Rearrange Spaces Between Words	String
1593	Medium	Split a String Into the Max Number of Unique Substrings	Hash Table,String,Backtracking
1594	Medium	Maximum Non Negative Product in a Matrix	Array,Dynamic Programming,Matrix
1595	Hard	Minimum Cost to Connect Two Groups of Points	Bit Manipulation,Array,Dynamic Programming,Bitmask,Matrix
1596	Medium	The Most Frequently Ordered Products for Each Customer	Database
1597	Hard	Build Binary Expression Tree From Infix Expression	Stack,Tree,String,Binary Tree
1598	Easy	Crawler Log Folder	Stack,Array,String
1599	Medium	Maximum Profit of Operating a Centennial Wheel	Array,Simulation
1600	Medium	Throne Inheritance	Tree,Depth-First Search,Design,Hash Table
1601	Hard	Maximum Number of Achievable Transfer Requests	Bit Manipulation,Array,Backtracking,Enumeration
1602	Medium	Find Nearest Right Node in Binary Tree	Tree,Breadth-First Search,Binary Tree
1603	Easy	Design Parking System	Design,Counting,Simulation
1604	Medium	Alert Using Same Key-Card Three or More Times in a One Hour Period	Array,Hash Table,String,Sorting
1605	Medium	Find Valid Matrix Given Row and Column Sums	Greedy,Array,Matrix
1606	Hard	Find Servers That Handled Most Number of Requests	Array,Ordered Set,Simulation,Heap (Priority Queue)
1607	Easy	Sellers With No Sales	Database
1608	Easy	Special Array With X Elements Greater Than or Equal X	Array,Binary Search,Sorting
1609	Medium	Even Odd Tree	Tree,Breadth-First Search,Binary Tree
1610	Hard	Maximum Number of Visible Points	Geometry,Array,Math,Sorting,Sliding Window
1611	Hard	Minimum One Bit Operations to Make Integers Zero	Bit Manipulation,Recursion,Memoization,Math,Dynamic Programming
1612	Medium	Check If Two Expression Trees are Equivalent	Tree,Depth-First Search,Hash Table,Binary Tree,Counting
1613	Medium	Find the Missing IDs	Database
1614	Easy	Maximum Nesting Depth of the Parentheses	Stack,String
1615	Medium	Maximal Network Rank	Graph
1616	Medium	Split Two Strings to Make Palindrome	Two Pointers,String
1617	Hard	Count Subtrees With Max Distance Between Cities	Bit Manipulation,Tree,Dynamic Programming,Bitmask,Enumeration
1618	Medium	Maximum Font to Fit a Sentence in a Screen	Array,String,Binary Search,Interactive
1619	Easy	Mean of Array After Removing Some Elements	Array,Sorting
1620	Medium	Coordinate With Maximum Network Quality	Array,Enumeration
1621	Medium	Number of Sets of K Non-Overlapping Line Segments	Math,Dynamic Programming,Combinatorics,Prefix Sum
1622	Hard	Fancy Sequence	Design,Segment Tree,Math,Number Theory
1623	Easy	All Valid Triplets That Can Represent a Country	Database
1624	Easy	Largest Substring Between Two Equal Characters	Hash Table,String
1625	Medium	Lexicographically Smallest String After Applying Operations	Depth-First Search,Breadth-First Search,String,Enumeration
1626	Medium	Best Team With No Conflicts	Array,Dynamic Programming,Sorting
1627	Hard	Graph Connectivity With Threshold	Union Find,Array,Math,Number Theory
1628	Medium	Design an Expression Tree With Evaluate Function	Stack,Tree,Design,Array,Math,Binary Tree
1629	Easy	Slowest Key	Array,String
1630	Medium	Arithmetic Subarrays	Array,Hash Table,Sorting
1631	Medium	Path With Minimum Effort	Depth-First Search,Breadth-First Search,Union Find,Array,Binary Search,Matrix,Heap (Priority Queue)
1632	Hard	Rank Transform of a Matrix	Union Find,Graph,Topological Sort,Array,Matrix,Sorting
1633	Easy	Percentage of Users Attended a Contest	Database
1634	Medium	Add Two Polynomials Represented as Linked Lists	Linked List,Math,Two Pointers
1635	Hard	Hopper Company Queries I	Database
1636	Easy	Sort Array by Increasing Frequency	Array,Hash Table,Sorting
1637	Easy	Widest Vertical Area Between Two Points Containing No Points	Array,Sorting
1638	Medium	Count Substrings That Differ by One Character	Hash Table,String,Dynamic Programming,Enumeration
1639	Hard	Number of Ways to Form a Target String Given a Dictionary	Array,String,Dynamic Programming
1640	Easy	Check Array Formation Through Concatenation	Array,Hash Table
1641	Medium	Count Sorted Vowel Strings	Math,Dynamic Programming,Combinatorics
1642	Medium	Furthest Building You Can Reach	Greedy,Array,Heap (Priority Queue)
1643	Hard	Kth Smallest Instructions	Array,Math,Dynamic Programming,Combinatorics
1644	Medium	Lowest Common Ancestor of a Binary Tree II	Tree,Depth-First Search,Binary Tree
1645	Hard	Hopper Company Queries II	Database
1646	Easy	Get Maximum in Generated Array	Array,Simulation
1647	Medium	Minimum Deletions to Make Character Frequencies Unique	Greedy,Hash Table,String,Sorting
1648	Medium	Sell Diminishing-Valued Colored Balls	Greedy,Array,Math,Binary Search,Sorting,Heap (Priority Queue)
1649	Hard	Create Sorted Array through Instructions	Binary Indexed Tree,Segment Tree,Array,Binary Search,Divide and Conquer,Ordered Set,Merge Sort
1650	Medium	Lowest Common Ancestor of a Binary Tree III	Tree,Hash Table,Two Pointers,Binary Tree
1651	Hard	Hopper Company Queries III	Database
1652	Easy	Defuse the Bomb	Array,Sliding Window
1653	Medium	Minimum Deletions to Make String Balanced	Stack,String,Dynamic Programming
1654	Medium	Minimum Jumps to Reach Home	Breadth-First Search,Array,Hash Table
1655	Hard	Distribute Repeating Integers	Bit Manipulation,Array,Hash Table,Dynamic Programming,Backtracking,Bitmask,Counting
1656	Easy	Design an Ordered Stream	Design,Array,Hash Table,Data Stream
1657	Medium	Determine if Two Strings Are Close	Hash Table,String,Counting,Sorting
1658	Medium	Minimum Operations to Reduce X to Zero	Array,Hash Table,Binary Search,Prefix Sum,Sliding Window
1659	Hard	Maximize Grid Happiness	Bit Manipulation,Memoization,Dynamic Programming,Bitmask
1660	Medium	Correct a Binary Tree	Tree,Depth-First Search,Breadth-First Search,Hash Table,Binary Tree
1661	Easy	Average Time of Process per Machine	Database
1662	Easy	Check If Two String Arrays are Equivalent	Array,String
1663	Medium	Smallest String With A Given Numeric Value	Greedy,String
1664	Medium	Ways to Make a Fair Array	Array,Prefix Sum
1665	Hard	Minimum Initial Energy to Finish Tasks	Greedy,Array,Sorting
1666	Medium	Change the Root of a Binary Tree	Tree,Depth-First Search,Binary Tree
1667	Easy	Fix Names in a Table	Database
1668	Easy	Maximum Repeating Substring	String,Dynamic Programming,String Matching
1669	Medium	Merge In Between Linked Lists	Linked List
1670	Medium	Design Front Middle Back Queue	Design,Queue,Array,Linked List,Data Stream,Doubly-Linked List
1671	Hard	Minimum Number of Removals to Make Mountain Array	Greedy,Array,Binary Search,Dynamic Programming
1672	Easy	Richest Customer Wealth	Array,Matrix
1673	Medium	Find the Most Competitive Subsequence	Stack,Greedy,Array,Monotonic Stack
1674	Medium	Minimum Moves to Make Array Complementary	Array,Hash Table,Prefix Sum
1675	Hard	Minimize Deviation in Array	Greedy,Array,Ordered Set,Heap (Priority Queue)
1676	Medium	Lowest Common Ancestor of a Binary Tree IV	Tree,Depth-First Search,Hash Table,Binary Tree
1677	Easy	Product's Worth Over Invoices	Database
1678	Easy	Goal Parser Interpretation	String
1679	Medium	Max Number of K-Sum Pairs	Array,Hash Table,Two Pointers,Sorting
1680	Medium	Concatenation of Consecutive Binary Numbers	Bit Manipulation,Math,Simulation
1681	Hard	Minimum Incompatibility	Bit Manipulation,Array,Hash Table,Dynamic Programming,Bitmask
1682	Medium	Longest Palindromic Subsequence II	String,Dynamic Programming
1683	Easy	Invalid Tweets	Database
1684	Easy	Count the Number of Consistent Strings	Bit Manipulation,Array,Hash Table,String,Counting
1685	Medium	Sum of Absolute Differences in a Sorted Array	Array,Math,Prefix Sum
1686	Medium	Stone Game VI	Greedy,Array,Math,Game Theory,Sorting,Heap (Priority Queue)
1687	Hard	Delivering Boxes from Storage to Ports	Segment Tree,Queue,Array,Dynamic Programming,Prefix Sum,Monotonic Queue,Heap (Priority Queue)
1688	Easy	Count of Matches in Tournament	Math,Simulation
1689	Medium	Partitioning Into Minimum Number Of Deci-Binary Numbers	Greedy,String
1690	Medium	Stone Game VII	Array,Math,Dynamic Programming,Game Theory
1691	Hard	Maximum Height by Stacking Cuboids	Array,Dynamic Programming,Sorting
1692	Hard	Count Ways to Distribute Candies	Dynamic Programming
1693	Easy	Daily Leads and Partners	Database
1694	Easy	Reformat Phone Number	String
1695	Medium	Maximum Erasure Value	Array,Hash Table,Sliding Window
1696	Medium	Jump Game VI	Queue,Array,Dynamic Programming,Monotonic Queue,Heap (Priority Queue)
1697	Hard	Checking Existence of Edge Length Limited Paths	Union Find,Graph,Array,Two Pointers,Sorting
1698	Medium	Number of Distinct Substrings in a String	Trie,String,Suffix Array,Hash Function,Rolling Hash
1699	Medium	Number of Calls Between Two Persons	Database
1700	Easy	Number of Students Unable to Eat Lunch	Stack,Queue,Array,Simulation
1701	Medium	Average Waiting Time	Array,Simulation
1702	Medium	Maximum Binary String After Change	Greedy,String
1703	Hard	Minimum Adjacent Swaps for K Consecutive Ones	Greedy,Array,Prefix Sum,Sliding Window
1704	Easy	Determine if String Halves Are Alike	String,Counting
1705	Medium	Maximum Number of Eaten Apples	Greedy,Array,Heap (Priority Queue)
1706	Medium	Where Will the Ball Fall	Array,Matrix,Simulation
1707	Hard	Maximum XOR With an Element From Array	Bit Manipulation,Trie,Array
1708	Easy	Largest Subarray Length K	Greedy,Array
1709	Medium	Biggest Window Between Visits	Database
1710	Easy	Maximum Units on a Truck	Greedy,Array,Sorting
1711	Medium	Count Good Meals	Array,Hash Table
1712	Medium	Ways to Split Array Into Three Subarrays	Array,Two Pointers,Binary Search,Prefix Sum
1713	Hard	Minimum Operations to Make a Subsequence	Greedy,Array,Hash Table,Binary Search
1714	Hard	Sum Of Special Evenly-Spaced Elements In Array	Array,Dynamic Programming
1715	Medium	Count Apples and Oranges	Database
1716	Easy	Calculate Money in Leetcode Bank	Math
1717	Medium	Maximum Score From Removing Substrings	Stack,Greedy,String
1718	Medium	Construct the Lexicographically Largest Valid Sequence	Array,Backtracking
1719	Hard	Number Of Ways To Reconstruct A Tree	Tree,Graph,Array,Hash Table,Simulation
1720	Easy	Decode XORed Array	Bit Manipulation,Array
1721	Medium	Swapping Nodes in a Linked List	Linked List,Two Pointers
1722	Medium	Minimize Hamming Distance After Swap Operations	Depth-First Search,Union Find,Array
1723	Hard	Find Minimum Time to Finish All Jobs	Bit Manipulation,Array,Dynamic Programming,Backtracking,Bitmask
1724	Hard	Checking Existence of Edge Length Limited Paths II	Depth-First Search,Union Find,Graph,Design,Minimum Spanning Tree,Sorting,Heap (Priority Queue)
1725	Easy	Number Of Rectangles That Can Form The Largest Square	Array
1726	Medium	Tuple with Same Product	Array,Hash Table,Counting
1727	Medium	Largest Submatrix With Rearrangements	Greedy,Array,Matrix,Sorting
1728	Hard	Cat and Mouse II	Graph,Topological Sort,Memoization,Array,Math,Dynamic Programming,Game Theory,Matrix
1729	Easy	Find Followers Count	Database
1730	Medium	Shortest Path to Get Food	Breadth-First Search,Array,Matrix
1731	Easy	The Number of Employees Which Report to Each Employee	Database
1732	Easy	Find the Highest Altitude	Array,Prefix Sum
1733	Medium	Minimum Number of People to Teach	Greedy,Array,Hash Table
1734	Medium	Decode XORed Permutation	Bit Manipulation,Array
1735	Hard	Count Ways to Make Array With Product	Array,Math,Dynamic Programming,Combinatorics,Number Theory
1736	Easy	Latest Time by Replacing Hidden Digits	Greedy,String
1737	Medium	Change Minimum Characters to Satisfy One of Three Conditions	Hash Table,String,Counting,Prefix Sum
1738	Medium	Find Kth Largest XOR Coordinate Value	Bit Manipulation,Array,Divide and Conquer,Matrix,Prefix Sum,Quickselect,Sorting,Heap (Priority Queue)
1739	Hard	Building Boxes	Greedy,Math,Binary Search
1740	Medium	Find Distance in a Binary Tree	Tree,Depth-First Search,Breadth-First Search,Hash Table,Binary Tree
1741	Easy	Find Total Time Spent by Each Employee	Database
1742	Easy	Maximum Number of Balls in a Box	Hash Table,Math,Counting
1743	Medium	Restore the Array From Adjacent Pairs	Depth-First Search,Array,Hash Table
1744	Medium	Can You Eat Your Favorite Candy on Your Favorite Day	Array,Prefix Sum
1745	Hard	Palindrome Partitioning IV	String,Dynamic Programming
1746	Medium	Maximum Subarray Sum After One Operation	Array,Dynamic Programming
1747	Medium	Leetflex Banned Accounts	Database
1748	Easy	Sum of Unique Elements	Array,Hash Table,Counting
1749	Medium	Maximum Absolute Sum of Any Subarray	Array,Dynamic Programming
1750	Medium	Minimum Length of String After Deleting Similar Ends	Two Pointers,String
1751	Hard	Maximum Number of Events That Can Be Attended II	Array,Binary Search,Dynamic Programming,Sorting
1752	Easy	Check if Array Is Sorted and Rotated	Array
1753	Medium	Maximum Score From Removing Stones	Greedy,Math,Heap (Priority Queue)
1754	Medium	Largest Merge Of Two Strings	Greedy,Two Pointers,String
1755	Hard	Closest Subsequence Sum	Bit Manipulation,Array,Two Pointers,Dynamic Programming,Bitmask,Sorting
1756	Medium	Design Most Recently Used Queue	Design,Array,Linked List,Divide and Conquer,Doubly-Linked List,Simulation
1757	Easy	Recyclable and Low Fat Products	Database
1758	Easy	Minimum Changes To Make Alternating Binary String	String
1759	Medium	Count Number of Homogenous Substrings	Math,String
1760	Medium	Minimum Limit of Balls in a Bag	Array,Binary Search
1761	Hard	Minimum Degree of a Connected Trio in a Graph	Graph,Enumeration
1762	Medium	Buildings With an Ocean View	Stack,Array,Monotonic Stack
1763	Easy	Longest Nice Substring	Bit Manipulation,Hash Table,String,Divide and Conquer,Sliding Window
1764	Medium	Form Array by Concatenating Subarrays of Another Array	Greedy,Array,Two Pointers,String Matching
1765	Medium	Map of Highest Peak	Breadth-First Search,Array,Matrix
1766	Hard	Tree of Coprimes	Tree,Depth-First Search,Array,Math,Number Theory
1767	Hard	Find the Subtasks That Did Not Execute	Database
1768	Easy	Merge Strings Alternately	Two Pointers,String
1769	Medium	Minimum Number of Operations to Move All Balls to Each Box	Array,String,Prefix Sum
1770	Hard	Maximum Score from Performing Multiplication Operations	Array,Dynamic Programming
1771	Hard	Maximize Palindrome Length From Subsequences	String,Dynamic Programming
1772	Medium	Sort Features by Popularity	Array,Hash Table,String,Sorting
1773	Easy	Count Items Matching a Rule	Array,String
1774	Medium	Closest Dessert Cost	Array,Dynamic Programming,Backtracking
1775	Medium	Equal Sum Arrays With Minimum Number of Operations	Greedy,Array,Hash Table,Counting
1776	Hard	Car Fleet II	Stack,Array,Math,Monotonic Stack,Heap (Priority Queue)
1777	Easy	Product's Price for Each Store	Database
1778	Medium	Shortest Path in a Hidden Grid	Depth-First Search,Breadth-First Search,Array,Interactive,Matrix
1779	Easy	Find Nearest Point That Has the Same X or Y Coordinate	Array
1780	Medium	Check if Number is a Sum of Powers of Three	Math
1781	Medium	Sum of Beauty of All Substrings	Hash Table,String,Counting
1782	Hard	Count Pairs Of Nodes	Graph,Array,Hash Table,Two Pointers,Binary Search,Counting,Sorting
1783	Medium	Grand Slam Titles	Database
1784	Easy	Check if Binary String Has at Most One Segment of Ones	String
1785	Medium	Minimum Elements to Add to Form a Given Sum	Greedy,Array
1786	Medium	Number of Restricted Paths From First to Last Node	Graph,Topological Sort,Dynamic Programming,Shortest Path,Heap (Priority Queue)
1787	Hard	Make the XOR of All Segments Equal to Zero	Bit Manipulation,Array,Hash Table,Dynamic Programming,Counting
1788	Hard	Maximize the Beauty of the Garden	Greedy,Array,Hash Table,Prefix Sum
1789	Easy	Primary Department for Each Employee	Database
1790	Easy	Check if One String Swap Can Make Strings Equal	Hash Table,String,Counting
1791	Easy	Find Center of Star Graph	Graph
1792	Medium	Maximum Average Pass Ratio	Greedy,Array,Heap (Priority Queue)
1793	Hard	Maximum Score of a Good Subarray	Stack,Array,Two Pointers,Binary Search,Monotonic Stack
1794	Medium	Count Pairs of Equal Substrings With Minimum Difference	Greedy,Hash Table,String
1795	Easy	Rearrange Products Table	Database
1796	Easy	Second Largest Digit in a String	Hash Table,String
1797	Medium	Design Authentication Manager	Design,Hash Table,Linked List,Doubly-Linked List
1798	Medium	Maximum Number of Consecutive Values You Can Make	Greedy,Array,Sorting
1799	Hard	Maximize Score After N Operations	Bit Manipulation,Array,Math,Dynamic Programming,Backtracking,Bitmask,Number Theory
1800	Easy	Maximum Ascending Subarray Sum	Array
1801	Medium	Number of Orders in the Backlog	Array,Simulation,Heap (Priority Queue)
1802	Medium	Maximum Value at a Given Index in a Bounded Array	Greedy,Math,Binary Search
1803	Hard	Count Pairs With XOR in a Range	Bit Manipulation,Trie,Array
1804	Medium	Implement Trie II (Prefix Tree)	Design,Trie,Hash Table,String
1805	Easy	Number of Different Integers in a String	Hash Table,String
1806	Medium	Minimum Number of Operations to Reinitialize a Permutation	Array,Math,Simulation
1807	Medium	Evaluate the Bracket Pairs of a String	Array,Hash Table,String
1808	Hard	Maximize Number of Nice Divisors	Recursion,Math,Number Theory
1809	Easy	Ad-Free Sessions	Database
1810	Medium	Minimum Path Cost in a Hidden Grid	Depth-First Search,Breadth-First Search,Graph,Array,Interactive,Matrix,Shortest Path,Heap (Priority Queue)
1811	Medium	Find Interview Candidates	Database
1812	Easy	Determine Color of a Chessboard Square	Math,String
1813	Medium	Sentence Similarity III	Array,Two Pointers,String
1814	Medium	Count Nice Pairs in an Array	Array,Hash Table,Math,Counting
1815	Hard	Maximum Number of Groups Getting Fresh Donuts	Bit Manipulation,Memoization,Array,Dynamic Programming,Bitmask
1816	Easy	Truncate Sentence	Array,String
1817	Medium	Finding the Users Active Minutes	Array,Hash Table
1818	Medium	Minimum Absolute Sum Difference	Array,Binary Search,Ordered Set,Sorting
1819	Hard	Number of Different Subsequences GCDs	Array,Math,Counting,Number Theory
1820	Medium	Maximum Number of Accepted Invitations	Depth-First Search,Graph,Array,Matrix
1821	Easy	Find Customers With Positive Revenue this Year	Database
1822	Easy	Sign of the Product of an Array	Array,Math
1823	Medium	Find the Winner of the Circular Game	Recursion,Queue,Array,Math,Simulation
1824	Medium	Minimum Sideway Jumps	Greedy,Array,Dynamic Programming
1825	Hard	Finding MK Average	Design,Queue,Data Stream,Ordered Set,Heap (Priority Queue)
1826	Easy	Faulty Sensor	Array,Two Pointers
1827	Easy	Minimum Operations to Make the Array Increasing	Greedy,Array
1828	Medium	Queries on Number of Points Inside a Circle	Geometry,Array,Math
1829	Medium	Maximum XOR for Each Query	Bit Manipulation,Array,Prefix Sum
1830	Hard	Minimum Number of Operations to Make String Sorted	Hash Table,Math,String,Combinatorics,Counting
1831	Medium	Maximum Transaction Each Day	Database
1832	Easy	Check if the Sentence Is Pangram	Hash Table,String
1833	Medium	Maximum Ice Cream Bars	Greedy,Array,Counting Sort,Sorting
1834	Medium	Single-Threaded CPU	Array,Sorting,Heap (Priority Queue)
1835	Hard	Find XOR Sum of All Pairs Bitwise AND	Bit Manipulation,Array,Math
1836	Medium	Remove Duplicates From an Unsorted Linked List	Hash Table,Linked List
1837	Easy	Sum of Digits in Base K	Math
1838	Medium	Frequency of the Most Frequent Element	Greedy,Array,Binary Search,Prefix Sum,Sorting,Sliding Window
1839	Medium	Longest Substring Of All Vowels in Order	String,Sliding Window
1840	Hard	Maximum Building Height	Array,Math,Sorting
1841	Medium	League Statistics	Database
1842	Hard	Next Palindrome Using Same Digits	Two Pointers,String
1843	Medium	Suspicious Bank Accounts	Database
1844	Easy	Replace All Digits with Characters	String
1845	Medium	Seat Reservation Manager	Design,Heap (Priority Queue)
1846	Medium	Maximum Element After Decreasing and Rearranging	Greedy,Array,Sorting
1847	Hard	Closest Room	Array,Binary Search,Ordered Set,Sorting
1848	Easy	Minimum Distance to the Target Element	Array
1849	Medium	Splitting a String Into Descending Consecutive Values	String,Backtracking,Enumeration
1850	Medium	Minimum Adjacent Swaps to Reach the Kth Smallest Number	Greedy,Two Pointers,String
1851	Hard	Minimum Interval to Include Each Query	Array,Binary Search,Sorting,Sweep Line,Heap (Priority Queue)
1852	Medium	Distinct Numbers in Each Subarray	Array,Hash Table,Sliding Window
1853	Easy	Convert Date Format	Database
1854	Easy	Maximum Population Year	Array,Counting,Prefix Sum
1855	Medium	Maximum Distance Between a Pair of Values	Array,Two Pointers,Binary Search
1856	Medium	Maximum Subarray Min-Product	Stack,Array,Prefix Sum,Monotonic Stack
1857	Hard	Largest Color Value in a Directed Graph	Graph,Topological Sort,Memoization,Hash Table,String,Dynamic Programming,Counting
1858	Medium	Longest Word With All Prefixes	Depth-First Search,Trie,Array,String
1859	Easy	Sorting the Sentence	String,Sorting
1860	Medium	Incremental Memory Leak	Math,Simulation
1861	Medium	Rotating the Box	Array,Two Pointers,Matrix
1862	Hard	Sum of Floored Pairs	Array,Math,Binary Search,Counting,Enumeration,Prefix Sum
1863	Easy	Sum of All Subset XOR Totals	Bit Manipulation,Array,Math,Backtracking,Combinatorics,Enumeration
1864	Medium	Minimum Number of Swaps to Make the Binary String Alternating	Greedy,String
1865	Medium	Finding Pairs With a Certain Sum	Design,Array,Hash Table
1866	Hard	Number of Ways to Rearrange Sticks With K Sticks Visible	Math,Dynamic Programming,Combinatorics
1867	Medium	Orders With Maximum Quantity Above Average	Database
1868	Medium	Product of Two Run-Length Encoded Arrays	Array,Two Pointers
1869	Easy	Longer Contiguous Segments of Ones than Zeros	String
1870	Medium	Minimum Speed to Arrive on Time	Array,Binary Search
1871	Medium	Jump Game VII	String,Dynamic Programming,Prefix Sum,Sliding Window
1872	Hard	Stone Game VIII	Array,Math,Dynamic Programming,Game Theory,Prefix Sum
1873	Easy	Calculate Special Bonus	Database
1874	Medium	Minimize Product Sum of Two Arrays	Greedy,Array,Sorting
1875	Medium	Group Employees of the Same Salary	Database
1876	Easy	Substrings of Size Three with Distinct Characters	Hash Table,String,Counting,Sliding Window
1877	Medium	Minimize Maximum Pair Sum in Array	Greedy,Array,Two Pointers,Sorting
1878	Medium	Get Biggest Three Rhombus Sums in a Grid	Array,Math,Matrix,Prefix Sum,Sorting,Heap (Priority Queue)
1879	Hard	Minimum XOR Sum of Two Arrays	Bit Manipulation,Array,Dynamic Programming,Bitmask
1880	Easy	Check if Word Equals Summation of Two Words	String
1881	Medium	Maximum Value after Insertion	Greedy,String
1882	Medium	Process Tasks Using Servers	Array,Heap (Priority Queue)
1883	Hard	Minimum Skips to Arrive at Meeting On Time	Array,Dynamic Programming
1884	Medium	Egg Drop With 2 Eggs and N Floors	Math,Dynamic Programming
1885	Medium	Count Pairs in Two Arrays	Array,Two Pointers,Binary Search,Sorting
1886	Easy	Determine Whether Matrix Can Be Obtained By Rotation	Array,Matrix
1887	Medium	Reduction Operations to Make the Array Elements Equal	Array,Sorting
1888	Medium	Minimum Number of Flips to Make the Binary String Alternating	String,Dynamic Programming,Sliding Window
1889	Hard	Minimum Space Wasted From Packaging	Array,Binary Search,Prefix Sum,Sorting
1890	Easy	The Latest Login in 2020	Database
1891	Medium	Cutting Ribbons	Array,Binary Search
1892	Hard	Page Recommendations II	Database
1893	Easy	Check if All the Integers in a Range Are Covered	Array,Hash Table,Prefix Sum
1894	Medium	Find the Student that Will Replace the Chalk	Array,Binary Search,Prefix Sum,Simulation
1895	Medium	Largest Magic Square	Array,Matrix,Prefix Sum
1896	Hard	Minimum Cost to Change the Final Value of Expression	Stack,Math,String,Dynamic Programming
1897	Easy	Redistribute Characters to Make All Strings Equal	Hash Table,String,Counting
1898	Medium	Maximum Number of Removable Characters	Array,Two Pointers,String,Binary Search
1899	Medium	Merge Triplets to Form Target Triplet	Greedy,Array
1900	Hard	The Earliest and Latest Rounds Where Players Compete	Memoization,Dynamic Programming
1901	Medium	Find a Peak Element II	Array,Binary Search,Matrix
1902	Medium	Depth of BST Given Insertion Order	Tree,Binary Search Tree,Array,Binary Tree,Ordered Set
1903	Easy	Largest Odd Number in String	Greedy,Math,String
1904	Medium	The Number of Full Rounds You Have Played	Math,String
1905	Medium	Count Sub Islands	Depth-First Search,Breadth-First Search,Union Find,Array,Matrix
1906	Medium	Minimum Absolute Difference Queries	Array,Prefix Sum
1907	Medium	Count Salary Categories	Database
1908	Medium	Game of Nim	Bit Manipulation,Brainteaser,Array,Math,Dynamic Programming,Game Theory
1909	Easy	Remove One Element to Make the Array Strictly Increasing	Array
1910	Medium	Remove All Occurrences of a Substring	Stack,String,Simulation
1911	Medium	Maximum Alternating Subsequence Sum	Array,Dynamic Programming
1912	Hard	Design Movie Rental System	Design,Array,Hash Table,Ordered Set,Heap (Priority Queue)
1913	Easy	Maximum Product Difference Between Two Pairs	Array,Sorting
1914	Medium	Cyclically Rotating a Grid	Array,Matrix,Simulation
1915	Medium	Number of Wonderful Substrings	Bit Manipulation,Hash Table,String,Prefix Sum
1916	Hard	Count Ways to Build Rooms in an Ant Colony	Tree,Depth-First Search,Graph,Topological Sort,Array,Math,Dynamic Programming,Combinatorics
1917	Hard	Leetcodify Friends Recommendations	Database
1918	Medium	Kth Smallest Subarray Sum	Array,Binary Search,Sliding Window
1919	Hard	Leetcodify Similar Friends	Database
1920	Easy	Build Array from Permutation	Array,Simulation
1921	Medium	Eliminate Maximum Number of Monsters	Greedy,Array,Sorting
1922	Medium	Count Good Numbers	Recursion,Math
1923	Hard	Longest Common Subpath	Array,Binary Search,Suffix Array,Hash Function,Rolling Hash
1924	Hard	Erect the Fence II	Geometry,Array,Math
1925	Easy	Count Square Sum Triples	Math,Enumeration
1926	Medium	Nearest Exit from Entrance in Maze	Breadth-First Search,Array,Matrix
1927	Medium	Sum Game	Greedy,Math,String,Game Theory
1928	Hard	Minimum Cost to Reach Destination in Time	Graph,Array,Dynamic Programming
1929	Easy	Concatenation of Array	Array,Simulation
1930	Medium	Unique Length-3 Palindromic Subsequences	Bit Manipulation,Hash Table,String,Prefix Sum
1931	Hard	Painting a Grid With Three Different Colors	Dynamic Programming
1932	Hard	Merge BSTs to Create Single BST	Tree,Depth-First Search,Binary Search Tree,Array,Hash Table,Binary Tree
1933	Easy	Check if String Is Decomposable Into Value-Equal Substrings	String
1934	Medium	Confirmation Rate	Database
1935	Easy	Maximum Number of Words You Can Type	Hash Table,String
1936	Medium	Add Minimum Number of Rungs	Greedy,Array
1937	Medium	Maximum Number of Points with Cost	Array,Dynamic Programming,Matrix
1938	Hard	Maximum Genetic Difference Query	Bit Manipulation,Depth-First Search,Trie,Array,Hash Table
1939	Easy	Users That Actively Request Confirmation Messages	Database
1940	Medium	Longest Common Subsequence Between Sorted Arrays	Array,Hash Table,Counting
1941	Easy	Check if All Characters Have Equal Number of Occurrences	Hash Table,String,Counting
1942	Medium	The Number of the Smallest Unoccupied Chair	Array,Hash Table,Heap (Priority Queue)
1943	Medium	Describe the Painting	Array,Hash Table,Prefix Sum,Sorting
1944	Hard	Number of Visible People in a Queue	Stack,Array,Monotonic Stack
1945	Easy	Sum of Digits of String After Convert	String,Simulation
1946	Medium	Largest Number After Mutating Substring	Greedy,Array,String
1947	Medium	Maximum Compatibility Score Sum	Bit Manipulation,Array,Dynamic Programming,Backtracking,Bitmask
1948	Hard	Delete Duplicate Folders in System	Depth-First Search,Trie,Array,Hash Table,String,Sorting,Hash Function
1949	Medium	Strong Friendship	Database
1950	Medium	Maximum of Minimum Values in All Subarrays	Stack,Array,Monotonic Stack
1951	Medium	All the Pairs With the Maximum Number of Common Followers	Database
1952	Easy	Three Divisors	Math,Enumeration,Number Theory
1953	Medium	Maximum Number of Weeks for Which You Can Work	Greedy,Array
1954	Medium	Minimum Garden Perimeter to Collect Enough Apples	Math,Binary Search
1955	Hard	Count Number of Special Subsequences	Array,Dynamic Programming
1956	Hard	Minimum Time For K Virus Variants to Spread	Geometry,Array,Math,Binary Search,Enumeration,Ordered Set,Sliding Window
1957	Easy	Delete Characters to Make Fancy String	String
1958	Medium	Check if Move is Legal	Array,Enumeration,Matrix
1959	Medium	Minimum Total Space Wasted With K Resizing Operations	Array,Dynamic Programming,Prefix Sum
1960	Hard	Maximum Product of the Length of Two Palindromic Substrings	Two Pointers,String,Hash Function,Rolling Hash
1961	Easy	Check If String Is a Prefix of Array	Array,Two Pointers,String
1962	Medium	Remove Stones to Minimize the Total	Greedy,Array,Heap (Priority Queue)
1963	Medium	Minimum Number of Swaps to Make the String Balanced	Stack,Greedy,Two Pointers,String
1964	Hard	Find the Longest Valid Obstacle Course at Each Position	Binary Indexed Tree,Array,Binary Search
1965	Easy	Employees With Missing Information	Database
1966	Medium	Binary Searchable Numbers in an Unsorted Array	Stack,Array,Binary Search,Monotonic Stack
1967	Easy	Number of Strings That Appear as Substrings in Word	Array,String
1968	Medium	Array With Elements Not Equal to Average of Neighbors	Greedy,Array,Sorting
1969	Medium	Minimum Non-Zero Product of the Array Elements	Greedy,Recursion,Math
1970	Hard	Last Day Where You Can Still Cross	Depth-First Search,Breadth-First Search,Union Find,Array,Binary Search,Matrix
1971	Easy	Find if Path Exists in Graph	Depth-First Search,Breadth-First Search,Union Find,Graph
1972	Hard	First and Last Call On the Same Day	Database
1973	Medium	Count Nodes Equal to Sum of Descendants	Tree,Depth-First Search,Binary Tree
1974	Easy	Minimum Time to Type Word Using Special Typewriter	Greedy,String
1975	Medium	Maximum Matrix Sum	Greedy,Array,Matrix
1976	Medium	Number of Ways to Arrive at Destination	Graph,Topological Sort,Dynamic Programming,Shortest Path
1977	Hard	Number of Ways to Separate Numbers	String,Dynamic Programming,Prefix Sum
1978	Easy	Employees Whose Manager Left the Company	Database
1979	Easy	Find Greatest Common Divisor of Array	Array,Math,Number Theory
1980	Medium	Find Unique Binary String	Array,Hash Table,String,Backtracking
1981	Medium	Minimize the Difference Between Target and Chosen Elements	Array,Dynamic Programming,Matrix
1982	Hard	Find Array Given Subset Sums	Array,Hash Table,Counting,Sorting
1983	Medium	Widest Pair of Indices With Equal Range Sum	Array,Hash Table,Prefix Sum
1984	Easy	Minimum Difference Between Highest and Lowest of K Scores	Array,Sorting,Sliding Window
1985	Medium	Find the Kth Largest Integer in the Array	Array,String,Divide and Conquer,Quickselect,Sorting,Heap (Priority Queue)
1986	Medium	Minimum Number of Work Sessions to Finish the Tasks	Bit Manipulation,Array,Dynamic Programming,Backtracking,Bitmask
1987	Hard	Number of Unique Good Subsequences	String,Dynamic Programming
1988	Medium	Find Cutoff Score for Each School	Database
1989	Medium	Maximum Number of People That Can Be Caught in Tag	Greedy,Array,Two Pointers
1990	Medium	Count the Number of Experiments	Database
1991	Easy	Find the Middle Index in Array	Array,Prefix Sum
1992	Medium	Find All Groups of Farmland	Depth-First Search,Breadth-First Search,Array,Matrix
1993	Medium	Operations on Tree	Tree,Depth-First Search,Breadth-First Search,Design,Array,Hash Table
1994	Hard	The Number of Good Subsets	Bit Manipulation,Array,Hash Table,Math,Dynamic Programming,Bitmask,Counting,Number Theory
1995	Easy	Count Special Quadruplets	Array,Hash Table,Enumeration
1996	Medium	The Number of Weak Characters in the Game	Stack,Greedy,Array,Sorting,Monotonic Stack
1997	Medium	First Day Where You Have Been in All the Rooms	Array,Dynamic Programming
1998	Hard	GCD Sort of an Array	Union Find,Array,Math,Number Theory,Sorting
1999	Medium	Smallest Greater Multiple Made of Two Digits	Math,Enumeration
2000	Easy	Reverse Prefix of Word	Stack,Two Pointers,String
2001	Medium	Number of Pairs of Interchangeable Rectangles	Array,Hash Table,Math,Counting,Number Theory
2002	Medium	Maximum Product of the Length of Two Palindromic Subsequences	Bit Manipulation,String,Dynamic Programming,Backtracking,Bitmask
2003	Hard	Smallest Missing Genetic Value in Each Subtree	Tree,Depth-First Search,Union Find,Array,Dynamic Programming
2004	Hard	The Number of Seniors and Juniors to Join the Company	Database
2005	Hard	Subtree Removal Game with Fibonacci Tree	Tree,Math,Dynamic Programming,Binary Tree,Game Theory
2006	Easy	Count Number of Pairs With Absolute Difference K	Array,Hash Table,Counting
2007	Medium	Find Original Array From Doubled Array	Greedy,Array,Hash Table,Sorting
2008	Medium	Maximum Earnings From Taxi	Array,Hash Table,Binary Search,Dynamic Programming,Sorting
2009	Hard	Minimum Number of Operations to Make Array Continuous	Array,Hash Table,Binary Search,Sliding Window
2010	Hard	The Number of Seniors and Juniors to Join the Company II	Database
2011	Easy	Final Value of Variable After Performing Operations	Array,String,Simulation
2012	Medium	Sum of Beauty in the Array	Array
2013	Medium	Detect Squares	Design,Array,Hash Table,Counting,Data Stream
2014	Hard	Longest Subsequence Repeated k Times	Hash Table,Two Pointers,String,Backtracking,Counting,Enumeration
2015	Medium	Average Height of Buildings in Each Segment	Array,Prefix Sum,Sorting,Heap (Priority Queue)
2016	Easy	Maximum Difference Between Increasing Elements	Array
2017	Medium	Grid Game	Array,Matrix,Prefix Sum
2018	Medium	Check if Word Can Be Placed In Crossword	Array,Enumeration,Matrix
2019	Hard	The Score of Students Solving Math Expression	Stack,Memoization,Array,Hash Table,Math,String,Dynamic Programming
2020	Medium	Number of Accounts That Did Not Stream	Database
2021	Medium	Brightest Position on Street	Array,Ordered Set,Prefix Sum,Sorting
2022	Easy	Convert 1D Array Into 2D Array	Array,Matrix,Simulation
2023	Medium	Number of Pairs of Strings With Concatenation Equal to Target	Array,Hash Table,String,Counting
2024	Medium	Maximize the Confusion of an Exam	String,Binary Search,Prefix Sum,Sliding Window
2025	Hard	Maximum Number of Ways to Partition an Array	Array,Hash Table,Counting,Enumeration,Prefix Sum
2026	Easy	Low-Quality Problems	Database
2027	Easy	Minimum Moves to Convert String	Greedy,String
2028	Medium	Find Missing Observations	Array,Math,Simulation
2029	Medium	Stone Game IX	Greedy,Array,Math,Counting,Game Theory
2030	Hard	Smallest K-Length Subsequence With Occurrences of a Letter	Stack,Greedy,String,Monotonic Stack
2031	Medium	Count Subarrays With More Ones Than Zeros	Binary Indexed Tree,Segment Tree,Array,Hash Table,Binary Search,Divide and Conquer,Ordered Set,Merge Sort
2032	Easy	Two Out of Three	Bit Manipulation,Array,Hash Table
2033	Medium	Minimum Operations to Make a Uni-Value Grid	Array,Math,Matrix,Sorting
2034	Medium	Stock Price Fluctuation	Design,Hash Table,Data Stream,Ordered Set,Heap (Priority Queue)
2035	Hard	Partition Array Into Two Arrays to Minimize Sum Difference	Bit Manipulation,Array,Two Pointers,Binary Search,Dynamic Programming,Bitmask,Ordered Set,Sorting
2036	Medium	Maximum Alternating Subarray Sum	Array,Dynamic Programming
2037	Easy	Minimum Number of Moves to Seat Everyone	Greedy,Array,Counting Sort,Sorting
2038	Medium	Remove Colored Pieces if Both Neighbors are the Same Color	Greedy,Math,String,Game Theory
2039	Medium	The Time When the Network Becomes Idle	Breadth-First Search,Graph,Array
2040	Hard	Kth Smallest Product of Two Sorted Arrays	Array,Binary Search
2041	Medium	Accepted Candidates From the Interviews	Database
2042	Easy	Check if Numbers Are Ascending in a Sentence	String
2043	Medium	Simple Bank System	Design,Array,Hash Table,Simulation
2044	Medium	Count Number of Maximum Bitwise-OR Subsets	Bit Manipulation,Array,Backtracking,Enumeration
2045	Hard	Second Minimum Time to Reach Destination	Breadth-First Search,Graph,Shortest Path
2046	Medium	Sort Linked List Already Sorted Using Absolute Values	Linked List,Two Pointers,Sorting
2047	Easy	Number of Valid Words in a Sentence	String
2048	Medium	Next Greater Numerically Balanced Number	Hash Table,Math,Backtracking,Counting,Enumeration
2049	Medium	Count Nodes With the Highest Score	Tree,Depth-First Search,Array,Binary Tree
2050	Hard	Parallel Courses III	Graph,Topological Sort,Array,Dynamic Programming
2051	Medium	The Category of Each Member in the Store	Database
2052	Medium	Minimum Cost to Separate Sentence Into Rows	String,Dynamic Programming
2053	Easy	Kth Distinct String in an Array	Array,Hash Table,String,Counting
2054	Medium	Two Best Non-Overlapping Events	Array,Binary Search,Dynamic Programming,Sorting,Heap (Priority Queue)
2055	Medium	Plates Between Candles	Array,String,Binary Search,Prefix Sum
2056	Hard	Number of Valid Move Combinations On Chessboard	Array,String,Backtracking,Simulation
2057	Easy	Smallest Index With Equal Value	Array
2058	Medium	Find the Minimum and Maximum Number of Nodes Between Critical Points	Linked List
2059	Medium	Minimum Operations to Convert Number	Breadth-First Search,Array
2060	Hard	Check if an Original String Exists Given Two Encoded Strings	String,Dynamic Programming
2061	Medium	Number of Spaces Cleaning Robot Cleaned	Array,Matrix,Simulation
2062	Easy	Count Vowel Substrings of a String	Hash Table,String
2063	Medium	Vowels of All Substrings	Math,String,Dynamic Programming,Combinatorics
2064	Medium	Minimized Maximum of Products Distributed to Any Store	Greedy,Array,Binary Search
2065	Hard	Maximum Path Quality of a Graph	Graph,Array,Backtracking
2066	Medium	Account Balance	Database
2067	Medium	Number of Equal Count Substrings	Hash Table,String,Counting,Sliding Window
2068	Easy	Check Whether Two Strings are Almost Equivalent	Hash Table,String,Counting
2069	Medium	Walking Robot Simulation II	Design,Simulation
2070	Medium	Most Beautiful Item for Each Query	Array,Binary Search,Sorting
2071	Hard	Maximum Number of Tasks You Can Assign	Greedy,Queue,Array,Two Pointers,Binary Search,Sorting,Monotonic Queue
2072	Easy	The Winner University	Database
2073	Easy	Time Needed to Buy Tickets	Queue,Array,Simulation
2074	Medium	Reverse Nodes in Even Length Groups	Linked List
2075	Medium	Decode the Slanted Ciphertext	String,Simulation
2076	Hard	Process Restricted Friend Requests	Union Find,Graph
2077	Medium	Paths in Maze That Lead to Same Room	Graph
2078	Easy	Two Furthest Houses With Different Colors	Greedy,Array
2079	Medium	Watering Plants	Array,Simulation
2080	Medium	Range Frequency Queries	Design,Segment Tree,Array,Hash Table,Binary Search
2081	Hard	Sum of k-Mirror Numbers	Math,Enumeration
2082	Easy	The Number of Rich Customers	Database
2083	Medium	Substrings That Begin and End With the Same Letter	Hash Table,Math,String,Counting,Prefix Sum
2084	Medium	Drop Type 1 Orders for Customers With Type 0 Orders	Database
2085	Easy	Count Common Words With One Occurrence	Array,Hash Table,String,Counting
2086	Medium	Minimum Number of Food Buckets to Feed the Hamsters	Greedy,String,Dynamic Programming
2087	Medium	Minimum Cost Homecoming of a Robot in a Grid	Greedy,Array
2088	Hard	Count Fertile Pyramids in a Land	Array,Dynamic Programming,Matrix
2089	Easy	Find Target Indices After Sorting Array	Array,Binary Search,Sorting
2090	Medium	K Radius Subarray Averages	Array,Sliding Window
2091	Medium	Removing Minimum and Maximum From Array	Greedy,Array
2092	Hard	Find All People With Secret	Depth-First Search,Breadth-First Search,Union Find,Graph,Sorting
2093	Medium	Minimum Cost to Reach City With Discounts	Graph,Shortest Path,Heap (Priority Queue)
2094	Easy	Finding 3-Digit Even Numbers	Recursion,Array,Hash Table,Enumeration,Sorting
2095	Medium	Delete the Middle Node of a Linked List	Linked List,Two Pointers
2096	Medium	Step-By-Step Directions From a Binary Tree Node to Another	Tree,Depth-First Search,String,Binary Tree
2097	Hard	Valid Arrangement of Pairs	Depth-First Search,Graph,Array,Eulerian Circuit
2098	Medium	Subsequence of Size K With the Largest Even Sum	Greedy,Array,Sorting
2099	Easy	Find Subsequence of Length K With the Largest Sum	Array,Hash Table,Sorting,Heap (Priority Queue)
2100	Medium	Find Good Days to Rob the Bank	Array,Dynamic Programming,Prefix Sum
2101	Medium	Detonate the Maximum Bombs	Depth-First Search,Breadth-First Search,Graph,Geometry,Array,Math
2102	Hard	Sequentially Ordinal Rank Tracker	Design,Data Stream,Ordered Set,Heap (Priority Queue)
2103	Easy	Rings and Rods	Hash Table,String
2104	Medium	Sum of Subarray Ranges	Stack,Array,Monotonic Stack
2105	Medium	Watering Plants II	Array,Two Pointers,Simulation
2106	Hard	Maximum Fruits Harvested After at Most K Steps	Array,Binary Search,Prefix Sum,Sliding Window
2107	Medium	Number of Unique Flavors After Sharing K Candies	Array,Hash Table,Sliding Window
2108	Easy	Find First Palindromic String in the Array	Array,Two Pointers,String
2109	Medium	Adding Spaces to a String	Array,Two Pointers,String,Simulation
2110	Medium	Number of Smooth Descent Periods of a Stock	Array,Math,Two Pointers,Dynamic Programming,Sliding Window
2111	Hard	Minimum Operations to Make the Array K-Increasing	Array,Binary Search
2112	Medium	The Airport With the Most Traffic	Database
2113	Medium	Elements in Array After Removing and Replacing Elements	Array
2114	Easy	Maximum Number of Words Found in Sentences	Array,String
2115	Medium	Find All Possible Recipes from Given Supplies	Graph,Topological Sort,Array,Hash Table,String
2116	Medium	Check if a Parentheses String Can Be Valid	Stack,Greedy,String
2117	Hard	Abbreviating the Product of a Range	Math,Number Theory
2118	Hard	Build the Equation	Database
2119	Easy	A Number After a Double Reversal	Math
2120	Medium	Execution of All Suffix Instructions Staying in a Grid	String,Simulation
2121	Medium	Intervals Between Identical Elements	Array,Hash Table,Prefix Sum
2122	Hard	Recover the Original Array	Array,Hash Table,Two Pointers,Enumeration,Sorting
2123	Hard	Minimum Operations to Remove Adjacent Ones in Matrix	Depth-First Search,Graph,Array,Matrix
2124	Easy	Check if All A's Appears Before All B's	String
2125	Medium	Number of Laser Beams in a Bank	Array,Math,String,Matrix
2126	Medium	Destroying Asteroids	Greedy,Array,Sorting
2127	Hard	Maximum Employees to Be Invited to a Meeting	Depth-First Search,Graph,Topological Sort,Array,Dynamic Programming
2128	Medium	Remove All Ones With Row and Column Flips	Bit Manipulation,Array,Math,Matrix
2129	Easy	Capitalize the Title	String
2130	Medium	Maximum Twin Sum of a Linked List	Stack,Linked List,Two Pointers
2131	Medium	Longest Palindrome by Concatenating Two Letter Words	Greedy,Array,Hash Table,String,Counting
2132	Hard	Stamping the Grid	Greedy,Array,Matrix,Prefix Sum
2133	Easy	Check if Every Row and Column Contains All Numbers	Array,Hash Table,Matrix
2134	Medium	Minimum Swaps to Group All 1's Together II	Array,Sliding Window
2135	Medium	Count Words Obtained After Adding a Letter	Bit Manipulation,Array,Hash Table,String,Sorting
2136	Hard	Earliest Possible Day of Full Bloom	Greedy,Array,Sorting
2137	Medium	Pour Water Between Buckets to Make Water Levels Equal	Array,Binary Search
2138	Easy	Divide a String Into Groups of Size k	String,Simulation
2139	Medium	Minimum Moves to Reach Target Score	Greedy,Math
2140	Medium	Solving Questions With Brainpower	Array,Dynamic Programming
2141	Hard	Maximum Running Time of N Computers	Greedy,Array,Binary Search,Sorting
2142	Medium	The Number of Passengers in Each Bus I	Database
2143	Hard	Choose Numbers From Two Arrays in Range	Array,Dynamic Programming
2144	Easy	Minimum Cost of Buying Candies With Discount	Greedy,Array,Sorting
2145	Medium	Count the Hidden Sequences	Array,Prefix Sum
2146	Medium	K Highest Ranked Items Within a Price Range	Breadth-First Search,Array,Matrix,Sorting,Heap (Priority Queue)
2147	Hard	Number of Ways to Divide a Long Corridor	Math,String,Dynamic Programming
2148	Easy	Count Elements With Strictly Smaller and Greater Elements	Array,Counting,Sorting
2149	Medium	Rearrange Array Elements by Sign	Array,Two Pointers,Simulation
2150	Medium	Find All Lonely Numbers in the Array	Array,Hash Table,Counting
2151	Hard	Maximum Good People Based on Statements	Bit Manipulation,Array,Backtracking,Enumeration
2152	Medium	Minimum Number of Lines to Cover Points	Bit Manipulation,Geometry,Array,Hash Table,Math,Dynamic Programming,Backtracking,Bitmask
2153	Hard	The Number of Passengers in Each Bus II	Database
2154	Easy	Keep Multiplying Found Values by Two	Array,Hash Table,Sorting,Simulation
2155	Medium	All Divisions With the Highest Score of a Binary Array	Array
2156	Hard	Find Substring With Given Hash Value	String,Sliding Window,Hash Function,Rolling Hash
2157	Hard	Groups of Strings	Bit Manipulation,Union Find,Array,Hash Table,String
2158	Hard	Amount of New Area Painted Each Day	Segment Tree,Array,Ordered Set
2159	Medium	Order Two Columns Independently	Database
2160	Easy	Minimum Sum of Four Digit Number After Splitting Digits	Greedy,Math,Sorting
2161	Medium	Partition Array According to Given Pivot	Array,Two Pointers,Simulation
2162	Medium	Minimum Cost to Set Cooking Time	Math,Enumeration
2163	Hard	Minimum Difference in Sums After Removal of Elements	Array,Dynamic Programming,Heap (Priority Queue)
2164	Easy	Sort Even and Odd Indices Independently	Array,Sorting
2165	Medium	Smallest Value of the Rearranged Number	Math,Sorting
2166	Medium	Design Bitset	Design,Array,Hash Table,String
2167	Hard	Minimum Time to Remove All Cars Containing Illegal Goods	String,Dynamic Programming
2168	Medium	Unique Substrings With Equal Digit Frequency	Hash Table,String,Counting,Hash Function,Rolling Hash
2169	Easy	Count Operations to Obtain Zero	Math,Simulation
2170	Medium	Minimum Operations to Make the Array Alternating	Greedy,Array,Hash Table,Counting
2171	Medium	Removing Minimum Number of Magic Beans	Greedy,Array,Enumeration,Prefix Sum,Sorting
2172	Hard	Maximum AND Sum of Array	Bit Manipulation,Array,Dynamic Programming,Bitmask
2173	Hard	Longest Winning Streak	Database
2174	Medium	Remove All Ones With Row and Column Flips II	Bit Manipulation,Breadth-First Search,Array,Matrix
2175	Medium	The Change in Global Rankings	Database
2176	Easy	Count Equal and Divisible Pairs in an Array	Array
2177	Medium	Find Three Consecutive Integers That Sum to a Given Number	Math,Simulation
2178	Medium	Maximum Split of Positive Even Integers	Greedy,Math,Backtracking
2179	Hard	Count Good Triplets in an Array	Binary Indexed Tree,Segment Tree,Array,Binary Search,Divide and Conquer,Ordered Set,Merge Sort
2180	Easy	Count Integers With Even Digit Sum	Math,Simulation
2181	Medium	Merge Nodes in Between Zeros	Linked List,Simulation
2182	Medium	Construct String With Repeat Limit	Greedy,Hash Table,String,Counting,Heap (Priority Queue)
2183	Hard	Count Array Pairs Divisible by K	Array,Hash Table,Math,Counting,Number Theory
2184	Medium	Number of Ways to Build Sturdy Brick Wall	Bit Manipulation,Array,Dynamic Programming,Bitmask
2185	Easy	Counting Words With a Given Prefix	Array,String,String Matching
2186	Medium	Minimum Number of Steps to Make Two Strings Anagram II	Hash Table,String,Counting
2187	Medium	Minimum Time to Complete Trips	Array,Binary Search
2188	Hard	Minimum Time to Finish the Race	Array,Dynamic Programming
2189	Medium	Number of Ways to Build House of Cards	Math,Dynamic Programming
2190	Easy	Most Frequent Number Following Key In an Array	Array,Hash Table,Counting
2191	Medium	Sort the Jumbled Numbers	Array,Sorting
2192	Medium	All Ancestors of a Node in a Directed Acyclic Graph	Depth-First Search,Breadth-First Search,Graph,Topological Sort
2193	Hard	Minimum Number of Moves to Make Palindrome	Greedy,Binary Indexed Tree,Two Pointers,String
2194	Easy	Cells in a Range on an Excel Sheet	String
2195	Medium	Append K Integers With Minimal Sum	Greedy,Array,Math,Sorting
2196	Medium	Create Binary Tree From Descriptions	Tree,Array,Hash Table,Binary Tree
2197	Hard	Replace Non-Coprime Numbers in Array	Stack,Array,Math,Number Theory
2198	Medium	Number of Single Divisor Triplets	Array,Counting,Enumeration
2199	Hard	Finding the Topic of Each Post	Database
2200	Easy	Find All K-Distant Indices in an Array	Array,Two Pointers
2201	Medium	Count Artifacts That Can Be Extracted	Array,Hash Table,Simulation
2202	Medium	Maximize the Topmost Element After K Moves	Greedy,Array
2203	Hard	Minimum Weighted Subgraph With the Required Paths	Graph,Shortest Path,Heap (Priority Queue)
2204	Hard	Distance to a Cycle in Undirected Graph	Depth-First Search,Breadth-First Search,Graph,Topological Sort
2205	Easy	The Number of Users That Are Eligible for Discount	Database
2206	Easy	Divide Array Into Equal Pairs	Bit Manipulation,Array,Hash Table,Counting
2207	Medium	Maximize Number of Subsequences in a String	Greedy,String,Prefix Sum
2208	Medium	Minimum Operations to Halve Array Sum	Greedy,Array,Heap (Priority Queue)
2209	Hard	Minimum White Tiles After Covering With Carpets	String,Dynamic Programming,Prefix Sum
2210	Easy	Count Hills and Valleys in an Array	Array
2211	Medium	Count Collisions on a Road	Stack,String,Simulation
2212	Medium	Maximum Points in an Archery Competition	Bit Manipulation,Array,Backtracking,Enumeration
2213	Hard	Longest Substring of One Repeating Character	Segment Tree,Array,String,Ordered Set
2214	Medium	Minimum Health to Beat Game	Greedy,Array
2215	Easy	Find the Difference of Two Arrays	Array,Hash Table
2216	Medium	Minimum Deletions to Make Array Beautiful	Stack,Greedy,Array
2217	Medium	Find Palindrome With Fixed Length	Array,Math
2218	Hard	Maximum Value of K Coins From Piles	Array,Dynamic Programming,Prefix Sum
2219	Medium	Maximum Sum Score of Array	Array,Prefix Sum
2220	Easy	Minimum Bit Flips to Convert Number	Bit Manipulation
2221	Medium	Find Triangular Sum of an Array	Array,Math,Combinatorics,Number Theory,Simulation
2222	Medium	Number of Ways to Select Buildings	String,Dynamic Programming,Prefix Sum
2223	Hard	Sum of Scores of Built Strings	String,Binary Search,String Matching,Suffix Array,Hash Function,Rolling Hash
2224	Easy	Minimum Number of Operations to Convert Time	Greedy,String
2225	Medium	Find Players With Zero or One Losses	Array,Hash Table,Counting,Sorting
2226	Medium	Maximum Candies Allocated to K Children	Array,Binary Search
2227	Hard	Encrypt and Decrypt Strings	Design,Trie,Array,Hash Table,String
2228	Medium	Users With Two Purchases Within Seven Days	Database
2229	Easy	Check if an Array Is Consecutive	Array,Hash Table,Sorting
2230	Easy	The Users That Are Eligible for Discount	Database
2231	Easy	Largest Number After Digit Swaps by Parity	Sorting,Heap (Priority Queue)
2232	Medium	Minimize Result by Adding Parentheses to Expression	String,Enumeration
2233	Medium	Maximum Product After K Increments	Greedy,Array,Heap (Priority Queue)
2234	Hard	Maximum Total Beauty of the Gardens	Greedy,Array,Two Pointers,Binary Search,Enumeration,Prefix Sum,Sorting
2235	Easy	Add Two Integers	Math
2236	Easy	Root Equals Sum of Children	Tree,Binary Tree
2237	Medium	Count Positions on Street With Required Brightness	Array,Prefix Sum
2238	Medium	Number of Times a Driver Was a Passenger	Database
2239	Easy	Find Closest Number to Zero	Array
2240	Medium	Number of Ways to Buy Pens and Pencils	Math,Enumeration
2241	Medium	Design an ATM Machine	Greedy,Design,Array
2242	Hard	Maximum Score of a Node Sequence	Graph,Array,Enumeration,Sorting
2243	Easy	Calculate Digit Sum of a String	String,Simulation
2244	Medium	Minimum Rounds to Complete All Tasks	Greedy,Array,Hash Table,Counting
2245	Medium	Maximum Trailing Zeros in a Cornered Path	Array,Matrix,Prefix Sum
2246	Hard	Longest Path With Different Adjacent Characters	Tree,Depth-First Search,Graph,Topological Sort,Array,String
2247	Hard	Maximum Cost of Trip With K Highways	Bit Manipulation,Graph,Dynamic Programming,Bitmask
2248	Easy	Intersection of Multiple Arrays	Array,Hash Table,Counting,Sorting
2249	Medium	Count Lattice Points Inside a Circle	Geometry,Array,Hash Table,Math,Enumeration
2250	Medium	Count Number of Rectangles Containing Each Point	Binary Indexed Tree,Array,Hash Table,Binary Search,Sorting
2251	Hard	Number of Flowers in Full Bloom	Array,Hash Table,Binary Search,Ordered Set,Prefix Sum,Sorting
2252	Hard	Dynamic Pivoting of a Table	Database
2253	Hard	Dynamic Unpivoting of a Table	Database
2254	Hard	Design Video Sharing Platform	Design,Hash Table,Heap (Priority Queue)
2255	Easy	Count Prefixes of a Given String	Array,String
2256	Medium	Minimum Average Difference	Array,Prefix Sum
2257	Medium	Count Unguarded Cells in the Grid	Array,Matrix,Simulation
2258	Hard	Escape the Spreading Fire	Breadth-First Search,Array,Binary Search,Matrix
2259	Easy	Remove Digit From Number to Maximize Result	Greedy,String,Enumeration
2260	Medium	Minimum Consecutive Cards to Pick Up	Array,Hash Table,Sliding Window
2261	Medium	K Divisible Elements Subarrays	Trie,Array,Hash Table,Enumeration,Hash Function,Rolling Hash
2262	Hard	Total Appeal of A String	Hash Table,String,Dynamic Programming
2263	Hard	Make Array Non-decreasing or Non-increasing	Greedy,Array,Dynamic Programming,Heap (Priority Queue)
2264	Easy	Largest 3-Same-Digit Number in String	String
2265	Medium	Count Nodes Equal to Average of Subtree	Tree,Depth-First Search,Binary Tree
2266	Medium	Count Number of Texts	Hash Table,Math,String,Dynamic Programming
2267	Hard	Check if There Is a Valid Parentheses String Path	Array,Dynamic Programming,Matrix
2268	Medium	Minimum Number of Keypresses	Greedy,Hash Table,String,Counting,Sorting
2269	Easy	Find the K-Beauty of a Number	Math,String,Sliding Window
2270	Medium	Number of Ways to Split Array	Array,Prefix Sum
2271	Medium	Maximum White Tiles Covered by a Carpet	Greedy,Array,Binary Search,Prefix Sum,Sorting,Sliding Window
2272	Hard	Substring With Largest Variance	Hash Table,String,Dynamic Programming,Enumeration
2273	Easy	Find Resultant Array After Removing Anagrams	Array,Hash Table,String,Sorting
2274	Medium	Maximum Consecutive Floors Without Special Floors	Array,Sorting
2275	Medium	Largest Combination With Bitwise AND Greater Than Zero	Bit Manipulation,Array,Hash Table,Counting
2276	Hard	Count Integers in Intervals	Design,Segment Tree,Ordered Set
2277	Hard	Closest Node to Path in Tree	Tree,Depth-First Search,Breadth-First Search,Array
2278	Easy	Percentage of Letter in String	String
2279	Medium	Maximum Bags With Full Capacity of Rocks	Greedy,Array,Sorting
2280	Medium	Minimum Lines to Represent a Line Chart	Geometry,Array,Math,Number Theory,Sorting
2281	Hard	Sum of Total Strength of Wizards	Stack,Array,Prefix Sum,Monotonic Stack
2282	Medium	Number of People That Can Be Seen in a Grid	Stack,Array,Matrix,Monotonic Stack
2283	Easy	Check if Number Has Equal Digit Count and Digit Value	Hash Table,String,Counting
2284	Medium	Sender With Largest Word Count	Array,Hash Table,String,Counting
2285	Medium	Maximum Total Importance of Roads	Greedy,Graph,Sorting,Heap (Priority Queue)
2286	Hard	Booking Concert Tickets in Groups	Design,Binary Indexed Tree,Segment Tree,Binary Search
2287	Easy	Rearrange Characters to Make Target String	Hash Table,String,Counting
2288	Medium	Apply Discount to Prices	String
2289	Medium	Steps to Make Array Non-decreasing	Stack,Array,Linked List,Dynamic Programming,Monotonic Stack,Simulation
2290	Hard	Minimum Obstacle Removal to Reach Corner	Breadth-First Search,Graph,Array,Matrix,Shortest Path,Heap (Priority Queue)
2291	Medium	Maximum Profit From Trading Stocks	Array,Dynamic Programming
2292	Medium	Products With Three or More Orders in Two Consecutive Years	Database
2293	Easy	Min Max Game	Array,Simulation
2294	Medium	Partition Array Such That Maximum Difference Is K	Greedy,Array,Sorting
2295	Medium	Replace Elements in an Array	Array,Hash Table,Simulation
2296	Hard	Design a Text Editor	Stack,Design,Linked List,String,Doubly-Linked List,Simulation
2297	Medium	Jump Game VIII	Stack,Graph,Array,Dynamic Programming,Shortest Path,Monotonic Stack
2298	Medium	Tasks Count in the Weekend	Database
2299	Easy	Strong Password Checker II	String
2300	Medium	Successful Pairs of Spells and Potions	Array,Two Pointers,Binary Search,Sorting
2301	Hard	Match Substring After Replacement	Array,Hash Table,String,String Matching
2302	Hard	Count Subarrays With Score Less Than K	Array,Binary Search,Prefix Sum,Sliding Window
2303	Easy	Calculate Amount Paid in Taxes	Array,Simulation
2304	Medium	Minimum Path Cost in a Grid	Array,Dynamic Programming,Matrix
2305	Medium	Fair Distribution of Cookies	Bit Manipulation,Array,Dynamic Programming,Backtracking,Bitmask
2306	Hard	Naming a Company	Bit Manipulation,Array,Hash Table,String,Enumeration
2307	Hard	Check for Contradictions in Equations	Depth-First Search,Union Find,Graph,Array,String
2308	Medium	Arrange Table by Gender	Database
2309	Easy	Greatest English Letter in Upper and Lower Case	Hash Table,String,Enumeration
2310	Medium	Sum of Numbers With Units Digit K	Greedy,Math,Dynamic Programming,Enumeration
2311	Medium	Longest Binary Subsequence Less Than or Equal to K	Greedy,Memoization,String,Dynamic Programming
2312	Hard	Selling Pieces of Wood	Memoization,Array,Dynamic Programming
2313	Hard	Minimum Flips in Binary Tree to Get Result	Tree,Depth-First Search,Dynamic Programming,Binary Tree
2314	Medium	The First Day of the Maximum Recorded Degree in Each City	Database
2315	Easy	Count Asterisks	String
2316	Medium	Count Unreachable Pairs of Nodes in an Undirected Graph	Depth-First Search,Breadth-First Search,Union Find,Graph
2317	Medium	Maximum XOR After Operations	Bit Manipulation,Array,Math
2318	Hard	Number of Distinct Roll Sequences	Memoization,Dynamic Programming
2319	Easy	Check if Matrix Is X-Matrix	Array,Matrix
2320	Medium	Count Number of Ways to Place Houses	Dynamic Programming
2321	Hard	Maximum Score Of Spliced Array	Array,Dynamic Programming
2322	Hard	Minimum Score After Removals on a Tree	Bit Manipulation,Tree,Depth-First Search,Array
2323	Medium	Find Minimum Time to Finish All Jobs II	Greedy,Array,Sorting
2324	Medium	Product Sales Analysis IV	Database
2325	Easy	Decode the Message	Hash Table,String
2326	Medium	Spiral Matrix IV	Array,Linked List,Matrix,Simulation
2327	Medium	Number of People Aware of a Secret	Queue,Dynamic Programming,Simulation
2328	Hard	Number of Increasing Paths in a Grid	Depth-First Search,Breadth-First Search,Graph,Topological Sort,Memoization,Array,Dynamic Programming,Matrix
2329	Easy	Product Sales Analysis V	Database
2330	Medium	Valid Palindrome IV	Two Pointers,String
2331	Easy	Evaluate Boolean Binary Tree	Tree,Depth-First Search,Binary Tree
2332	Medium	The Latest Time to Catch a Bus	Array,Two Pointers,Binary Search,Sorting
2333	Medium	Minimum Sum of Squared Difference	Greedy,Array,Binary Search,Sorting,Heap (Priority Queue)
2334	Hard	Subarray With Elements Greater Than Varying Threshold	Stack,Union Find,Array,Monotonic Stack
2335	Easy	Minimum Amount of Time to Fill Cups	Greedy,Array,Sorting,Heap (Priority Queue)
2336	Medium	Smallest Number in Infinite Set	Design,Hash Table,Ordered Set,Heap (Priority Queue)
2337	Medium	Move Pieces to Obtain a String	Two Pointers,String
2338	Hard	Count the Number of Ideal Arrays	Math,Dynamic Programming,Combinatorics,Number Theory
2339	Easy	All the Matches of the League	Database
2340	Medium	Minimum Adjacent Swaps to Make a Valid Array	Greedy,Array
2341	Easy	Maximum Number of Pairs in Array	Array,Hash Table,Counting
2342	Medium	Max Sum of a Pair With Equal Sum of Digits	Array,Hash Table,Sorting,Heap (Priority Queue)
2343	Medium	Query Kth Smallest Trimmed Number	Array,String,Divide and Conquer,Quickselect,Radix Sort,Sorting,Heap (Priority Queue)
2344	Hard	Minimum Deletions to Make Array Divisible	Array,Math,Number Theory,Sorting,Heap (Priority Queue)
2345	Medium	Finding the Number of Visible Mountains	Stack,Array,Sorting,Monotonic Stack
2346	Medium	Compute the Rank as a Percentage	Database
2347	Easy	Best Poker Hand	Array,Hash Table,Counting
2348	Medium	Number of Zero-Filled Subarrays	Array,Math
2349	Medium	Design a Number Container System	Design,Hash Table,Ordered Set,Heap (Priority Queue)
2350	Hard	Shortest Impossible Sequence of Rolls	Greedy,Array,Hash Table
2351	Easy	First Letter to Appear Twice	Bit Manipulation,Hash Table,String,Counting
2352	Medium	Equal Row and Column Pairs	Array,Hash Table,Matrix,Simulation
2353	Medium	Design a Food Rating System	Design,Array,Hash Table,String,Ordered Set,Heap (Priority Queue)
2354	Hard	Number of Excellent Pairs	Bit Manipulation,Array,Hash Table,Binary Search
2355	Hard	Maximum Number of Books You Can Take	Stack,Array,Dynamic Programming,Monotonic Stack
2356	Easy	Number of Unique Subjects Taught by Each Teacher	Database
2357	Easy	Make Array Zero by Subtracting Equal Amounts	Greedy,Array,Hash Table,Sorting,Simulation,Heap (Priority Queue)
2358	Medium	Maximum Number of Groups Entering a Competition	Greedy,Array,Math,Binary Search
2359	Medium	Find Closest Node to Given Two Nodes	Depth-First Search,Graph
2360	Hard	Longest Cycle in a Graph	Depth-First Search,Breadth-First Search,Graph,Topological Sort
2361	Hard	Minimum Costs Using the Train Line	Array,Dynamic Programming
2362	Hard	Generate the Invoice	Database
2363	Easy	Merge Similar Items	Array,Hash Table,Ordered Set,Sorting
2364	Medium	Count Number of Bad Pairs	Array,Hash Table,Math,Counting
2365	Medium	Task Scheduler II	Array,Hash Table,Simulation
2366	Hard	Minimum Replacements to Sort the Array	Greedy,Array,Math
2367	Easy	Number of Arithmetic Triplets	Array,Hash Table,Two Pointers,Enumeration
2368	Medium	Reachable Nodes With Restrictions	Tree,Depth-First Search,Breadth-First Search,Union Find,Graph,Array,Hash Table
2369	Medium	Check if There is a Valid Partition For The Array	Array,Dynamic Programming
2370	Medium	Longest Ideal Subsequence	Hash Table,String,Dynamic Programming
2371	Hard	Minimize Maximum Value in a Grid	Union Find,Graph,Topological Sort,Array,Matrix,Sorting
2372	Medium	Calculate the Influence of Each Salesperson	Database
2373	Easy	Largest Local Values in a Matrix	Array,Matrix
2374	Medium	Node With Highest Edge Score	Graph,Hash Table
2375	Medium	Construct Smallest Number From DI String	Stack,Greedy,String,Backtracking
2376	Hard	Count Special Integers	Math,Dynamic Programming
2377	Easy	Sort the Olympic Table	Database
2378	Medium	Choose Edges to Maximize Score in a Tree	Tree,Depth-First Search,Dynamic Programming
2379	Easy	Minimum Recolors to Get K Consecutive Black Blocks	String,Sliding Window
2380	Medium	Time Needed to Rearrange a Binary String	String,Dynamic Programming,Simulation
2381	Medium	Shifting Letters II	Array,String,Prefix Sum
2382	Hard	Maximum Segment Sum After Removals	Union Find,Array,Ordered Set,Prefix Sum
2383	Easy	Minimum Hours of Training to Win a Competition	Greedy,Array
2384	Medium	Largest Palindromic Number	Greedy,Hash Table,String,Counting
2385	Medium	Amount of Time for Binary Tree to Be Infected	Tree,Depth-First Search,Breadth-First Search,Hash Table,Binary Tree
2386	Hard	Find the K-Sum of an Array	Array,Sorting,Heap (Priority Queue)
2387	Medium	Median of a Row Wise Sorted Matrix	Array,Binary Search,Matrix
2388	Medium	Change Null Values in a Table to the Previous Value	Database
2389	Easy	Longest Subsequence With Limited Sum	Greedy,Array,Binary Search,Prefix Sum,Sorting
2390	Medium	Removing Stars From a String	Stack,String,Simulation
2391	Medium	Minimum Amount of Time to Collect Garbage	Array,String,Prefix Sum
2392	Hard	Build a Matrix With Conditions	Graph,Topological Sort,Array,Matrix
2393	Medium	Count Strictly Increasing Subarrays	Array,Math,Dynamic Programming
2394	Medium	Employees With Deductions	Database
2395	Easy	Find Subarrays With Equal Sum	Array,Hash Table
2396	Medium	Strictly Palindromic Number	Brainteaser,Math,Two Pointers
2397	Medium	Maximum Rows Covered by Columns	Bit Manipulation,Array,Backtracking,Enumeration,Matrix
2398	Hard	Maximum Number of Robots Within Budget	Queue,Array,Binary Search,Prefix Sum,Sliding Window,Monotonic Queue,Heap (Priority Queue)
2399	Easy	Check Distances Between Same Letters	Array,Hash Table,String
2400	Medium	Number of Ways to Reach a Position After Exactly k Steps	Math,Dynamic Programming,Combinatorics
2401	Medium	Longest Nice Subarray	Bit Manipulation,Array,Sliding Window
2402	Hard	Meeting Rooms III	Array,Hash Table,Sorting,Simulation,Heap (Priority Queue)
2403	Hard	Minimum Time to Kill All Monsters	Bit Manipulation,Array,Dynamic Programming,Bitmask
2404	Easy	Most Frequent Even Element	Array,Hash Table,Counting
2405	Medium	Optimal Partition of String	Greedy,Hash Table,String
2406	Medium	Divide Intervals Into Minimum Number of Groups	Greedy,Array,Two Pointers,Prefix Sum,Sorting,Heap (Priority Queue)
2407	Hard	Longest Increasing Subsequence II	Binary Indexed Tree,Segment Tree,Queue,Array,Divide and Conquer,Dynamic Programming,Monotonic Queue
2408	Medium	Design SQL	Design,Array,Hash Table,String
2409	Easy	Count Days Spent Together	Math,String
2410	Medium	Maximum Matching of Players With Trainers	Greedy,Array,Two Pointers,Sorting
2411	Medium	Smallest Subarrays With Maximum Bitwise OR	Bit Manipulation,Array,Binary Search,Sliding Window
2412	Hard	Minimum Money Required Before Transactions	Greedy,Array,Sorting
2413	Easy	Smallest Even Multiple	Math,Number Theory
2414	Medium	Length of the Longest Alphabetical Continuous Substring	String
2415	Medium	Reverse Odd Levels of Binary Tree	Tree,Depth-First Search,Breadth-First Search,Binary Tree
2416	Hard	Sum of Prefix Scores of Strings	Trie,Array,String,Counting
2417	Medium	Closest Fair Integer	Math,Enumeration
2418	Easy	Sort the People	Array,Hash Table,String,Sorting
2419	Medium	Longest Subarray With Maximum Bitwise AND	Bit Manipulation,Brainteaser,Array
2420	Medium	Find All Good Indices	Array,Dynamic Programming,Prefix Sum
2421	Hard	Number of Good Paths	Tree,Union Find,Graph,Array,Hash Table,Sorting
2422	Medium	Merge Operations to Turn Array Into a Palindrome	Greedy,Array,Two Pointers
2423	Easy	Remove Letter To Equalize Frequency	Hash Table,String,Counting
2424	Medium	Longest Uploaded Prefix	Union Find,Design,Binary Indexed Tree,Segment Tree,Hash Table,Binary Search,Ordered Set,Heap (Priority Queue)
2425	Medium	Bitwise XOR of All Pairings	Bit Manipulation,Brainteaser,Array
2426	Hard	Number of Pairs Satisfying Inequality	Binary Indexed Tree,Segment Tree,Array,Binary Search,Divide and Conquer,Ordered Set,Merge Sort
2427	Easy	Number of Common Factors	Math,Enumeration,Number Theory
2428	Medium	Maximum Sum of an Hourglass	Array,Matrix,Prefix Sum
2429	Medium	Minimize XOR	Greedy,Bit Manipulation
2430	Hard	Maximum Deletions on a String	String,Dynamic Programming,String Matching,Hash Function,Rolling Hash
2431	Medium	Maximize Total Tastiness of Purchased Fruits	Array,Dynamic Programming
2432	Easy	The Employee That Worked on the Longest Task	Array
2433	Medium	Find The Original Array of Prefix Xor	Bit Manipulation,Array
2434	Medium	Using a Robot to Print the Lexicographically Smallest String	Stack,Greedy,Hash Table,String
2435	Hard	Paths in Matrix Whose Sum Is Divisible by K	Array,Dynamic Programming,Matrix
2436	Medium	Minimum Split Into Subarrays With GCD Greater Than One	Greedy,Array,Math,Dynamic Programming,Number Theory
2437	Easy	Number of Valid Clock Times	String,Enumeration
2438	Medium	Range Product Queries of Powers	Bit Manipulation,Array,Prefix Sum
2439	Medium	Minimize Maximum of Array	Greedy,Array,Binary Search,Dynamic Programming,Prefix Sum
2440	Hard	Create Components With Same Value	Tree,Depth-First Search,Array,Math,Enumeration
2441	Easy	Largest Positive Integer That Exists With Its Negative	Array,Hash Table,Two Pointers,Sorting
2442	Medium	Count Number of Distinct Integers After Reverse Operations	Array,Hash Table,Math,Counting
2443	Medium	Sum of Number and Its Reverse	Math,Enumeration
2444	Hard	Count Subarrays With Fixed Bounds	Queue,Array,Sliding Window,Monotonic Queue
2445	Medium	Number of Nodes With Value One	Tree,Depth-First Search,Breadth-First Search,Array,Binary Tree
2446	Easy	Determine if Two Events Have Conflict	Array,String
2447	Medium	Number of Subarrays With GCD Equal to K	Array,Math,Number Theory
2448	Hard	Minimum Cost to Make Array Equal	Greedy,Array,Binary Search,Prefix Sum,Sorting
2449	Hard	Minimum Number of Operations to Make Arrays Similar	Greedy,Array,Sorting
2450	Medium	Number of Distinct Binary Strings After Applying Operations	Math,String
2451	Easy	Odd String Difference	Array,Hash Table,String
2452	Medium	Words Within Two Edits of Dictionary	Trie,Array,String
2453	Medium	Destroy Sequential Targets	Array,Hash Table,Counting
2454	Hard	Next Greater Element IV	Stack,Array,Binary Search,Sorting,Monotonic Stack,Heap (Priority Queue)
2455	Easy	Average Value of Even Numbers That Are Divisible by Three	Array,Math
2456	Medium	Most Popular Video Creator	Array,Hash Table,String,Sorting,Heap (Priority Queue)
2457	Medium	Minimum Addition to Make Integer Beautiful	Greedy,Math
2458	Hard	Height of Binary Tree After Subtree Removal Queries	Tree,Depth-First Search,Breadth-First Search,Array,Binary Tree
2459	Hard	Sort Array by Moving Items to Empty Space	Array,Hash Table,Sorting
2460	Easy	Apply Operations to an Array	Array,Two Pointers,Simulation
2461	Medium	Maximum Sum of Distinct Subarrays With Length K	Array,Hash Table,Sliding Window
2462	Medium	Total Cost to Hire K Workers	Array,Two Pointers,Simulation,Heap (Priority Queue)
2463	Hard	Minimum Total Distance Traveled	Array,Dynamic Programming,Sorting
2464	Medium	Minimum Subarrays in a Valid Split	Array,Math,Dynamic Programming,Number Theory
2465	Easy	Number of Distinct Averages	Array,Hash Table,Two Pointers,Sorting
2466	Medium	Count Ways To Build Good Strings	Dynamic Programming
2467	Medium	Most Profitable Path in a Tree	Tree,Depth-First Search,Breadth-First Search,Graph,Array
2468	Hard	Split Message Based on Limit	String,Enumeration
2469	Easy	Convert the Temperature	Math
2470	Medium	Number of Subarrays With LCM Equal to K	Array,Math,Number Theory
2471	Medium	Minimum Number of Operations to Sort a Binary Tree by Level	Tree,Breadth-First Search,Binary Tree
2472	Hard	Maximum Number of Non-overlapping Palindrome Substrings	Greedy,Two Pointers,String,Dynamic Programming
2473	Medium	Minimum Cost to Buy Apples	Graph,Array,Shortest Path,Heap (Priority Queue)
2474	Hard	Customers With Strictly Increasing Purchases	Database
2475	Easy	Number of Unequal Triplets in Array	Array,Hash Table,Sorting
2476	Medium	Closest Nodes Queries in a Binary Search Tree	Tree,Depth-First Search,Binary Search Tree,Array,Binary Search,Binary Tree
2477	Medium	Minimum Fuel Cost to Report to the Capital	Tree,Depth-First Search,Breadth-First Search,Graph
2478	Hard	Number of Beautiful Partitions	String,Dynamic Programming,Prefix Sum
2479	Hard	Maximum XOR of Two Non-Overlapping Subtrees	Tree,Depth-First Search,Graph,Trie
2480	Easy	Form a Chemical Bond	Database
2481	Easy	Minimum Cuts to Divide a Circle	Geometry,Math
2482	Medium	Difference Between Ones and Zeros in Row and Column	Array,Matrix,Simulation
2483	Medium	Minimum Penalty for a Shop	String,Prefix Sum
2484	Hard	Count Palindromic Subsequences	String,Dynamic Programming
2485	Easy	Find the Pivot Integer	Math,Prefix Sum
2486	Medium	Append Characters to String to Make Subsequence	Greedy,Two Pointers,String
2487	Medium	Remove Nodes From Linked List	Stack,Recursion,Linked List,Monotonic Stack
2488	Hard	Count Subarrays With Median K	Array,Hash Table,Prefix Sum
2489	Medium	Number of Substrings With Fixed Ratio	Hash Table,Math,String,Prefix Sum
2490	Easy	Circular Sentence	String
2491	Medium	Divide Players Into Teams of Equal Skill	Array,Hash Table,Two Pointers,Sorting
2492	Medium	Minimum Score of a Path Between Two Cities	Depth-First Search,Breadth-First Search,Union Find,Graph
2493	Hard	Divide Nodes Into the Maximum Number of Groups	Depth-First Search,Breadth-First Search,Union Find,Graph
2494	Hard	Merge Overlapping Events in the Same Hall	Database
2495	Medium	Number of Subarrays Having Even Product	Array,Math,Dynamic Programming
2496	Easy	Maximum Value of a String in an Array	Array,String
2497	Medium	Maximum Star Sum of a Graph	Greedy,Graph,Array,Sorting,Heap (Priority Queue)
2498	Medium	Frog Jump II	Greedy,Array,Binary Search
2499	Hard	Minimum Total Cost to Make Arrays Unequal	Greedy,Array,Hash Table,Counting
2500	Easy	Delete Greatest Value in Each Row	Array,Matrix,Sorting,Simulation,Heap (Priority Queue)
2501	Medium	Longest Square Streak in an Array	Array,Hash Table,Binary Search,Dynamic Programming,Sorting
2502	Medium	Design Memory Allocator	Design,Array,Hash Table,Simulation
2503	Hard	Maximum Number of Points From Grid Queries	Breadth-First Search,Union Find,Array,Two Pointers,Matrix,Sorting,Heap (Priority Queue)
2504	Easy	Concatenate the Name and the Profession	Database
2505	Medium	Bitwise OR of All Subsequence Sums	Bit Manipulation,Brainteaser,Array,Math,Prefix Sum
2506	Easy	Count Pairs Of Similar Strings	Bit Manipulation,Array,Hash Table,String,Counting
2507	Medium	Smallest Value After Replacing With Sum of Prime Factors	Math,Number Theory,Simulation
2508	Hard	Add Edges to Make Degrees of All Nodes Even	Graph,Hash Table
2509	Hard	Cycle Length Queries in a Tree	Tree,Array,Binary Tree
2510	Medium	Check if There is a Path With Equal Number of 0's And 1's	Array,Dynamic Programming,Matrix
2511	Easy	Maximum Enemy Forts That Can Be Captured	Array,Two Pointers
2512	Medium	Reward Top K Students	Array,Hash Table,String,Sorting,Heap (Priority Queue)
2513	Medium	Minimize the Maximum of Two Arrays	Math,Binary Search,Number Theory
2514	Hard	Count Anagrams	Hash Table,Math,String,Combinatorics,Counting
2515	Easy	Shortest Distance to Target String in a Circular Array	Array,String
2516	Medium	Take K of Each Character From Left and Right	Hash Table,String,Sliding Window
2517	Medium	Maximum Tastiness of Candy Basket	Greedy,Array,Binary Search,Sorting
2518	Hard	Number of Great Partitions	Array,Dynamic Programming
2519	Hard	Count the Number of K-Big Indices	Binary Indexed Tree,Segment Tree,Array,Binary Search,Divide and Conquer,Ordered Set,Merge Sort
2520	Easy	Count the Digits That Divide a Number	Math
2521	Medium	Distinct Prime Factors of Product of Array	Array,Hash Table,Math,Number Theory
2522	Medium	Partition String Into Substrings With Values at Most K	Greedy,String,Dynamic Programming
2523	Medium	Closest Prime Numbers in Range	Math,Number Theory
2524	Hard	Maximum Frequency Score of a Subarray	Stack,Array,Hash Table,Math,Sliding Window
2525	Easy	Categorize Box According to Criteria	Math
2526	Medium	Find Consecutive Integers from a Data Stream	Design,Queue,Hash Table,Counting,Data Stream
2527	Medium	Find Xor-Beauty of Array	Bit Manipulation,Array,Math
2528	Hard	Maximize the Minimum Powered City	Greedy,Queue,Array,Binary Search,Prefix Sum,Sliding Window
2529	Easy	Maximum Count of Positive Integer and Negative Integer	Array,Binary Search,Counting
2530	Medium	Maximal Score After Applying K Operations	Greedy,Array,Heap (Priority Queue)
2531	Medium	Make Number of Distinct Characters Equal	Hash Table,String,Counting
2532	Hard	Time to Cross a Bridge	Array,Simulation,Heap (Priority Queue)
2533	Medium	Number of Good Binary Strings	Dynamic Programming
2534	Hard	Time Taken to Cross the Door	Queue,Array,Simulation
2535	Easy	Difference Between Element Sum and Digit Sum of an Array	Array,Math
2536	Medium	Increment Submatrices by One	Array,Matrix,Prefix Sum
2537	Medium	Count the Number of Good Subarrays	Array,Hash Table,Sliding Window
2538	Hard	Difference Between Maximum and Minimum Price Sum	Tree,Depth-First Search,Array,Dynamic Programming
2539	Medium	Count the Number of Good Subsequences	Hash Table,Math,String,Combinatorics,Counting
2540	Easy	Minimum Common Value	Array,Hash Table,Two Pointers,Binary Search
2541	Medium	Minimum Operations to Make Array Equal II	Greedy,Array,Math
2542	Medium	Maximum Subsequence Score	Greedy,Array,Sorting,Heap (Priority Queue)
2543	Hard	Check if Point Is Reachable	Math,Number Theory
2544	Easy	Alternating Digit Sum	Math
2545	Medium	Sort the Students by Their Kth Score	Array,Matrix,Sorting
2546	Medium	Apply Bitwise Operations to Make Strings Equal	Bit Manipulation,String
2547	Hard	Minimum Cost to Split an Array	Array,Hash Table,Dynamic Programming,Counting
2548	Medium	Maximum Price to Fill a Bag	Greedy,Array,Sorting
2549	Easy	Count Distinct Numbers on Board	Array,Hash Table,Math,Simulation
2550	Medium	Count Collisions of Monkeys on a Polygon	Recursion,Math
2551	Hard	Put Marbles in Bags	Greedy,Array,Sorting,Heap (Priority Queue)
2552	Hard	Count Increasing Quadruplets	Binary Indexed Tree,Array,Dynamic Programming,Enumeration,Prefix Sum
2553	Easy	Separate the Digits in an Array	Array,Simulation
2554	Medium	Maximum Number of Integers to Choose From a Range I	Greedy,Array,Hash Table,Binary Search,Sorting
2555	Medium	Maximize Win From Two Segments	Array,Binary Search,Sliding Window
2556	Medium	Disconnect Path in a Binary Matrix by at Most One Flip	Depth-First Search,Breadth-First Search,Array,Dynamic Programming,Matrix
2557	Medium	Maximum Number of Integers to Choose From a Range II	Greedy,Array,Binary Search,Sorting
2558	Easy	Take Gifts From the Richest Pile	Array,Simulation,Heap (Priority Queue)
2559	Medium	Count Vowel Strings in Ranges	Array,String,Prefix Sum
2560	Medium	House Robber IV	Greedy,Array,Binary Search,Dynamic Programming
2561	Hard	Rearranging Fruits	Greedy,Sort,Array,Hash Table
2562	Easy	Find the Array Concatenation Value	Array,Two Pointers,Simulation
2563	Medium	Count the Number of Fair Pairs	Array,Two Pointers,Binary Search,Sorting
2564	Medium	Substring XOR Queries	Bit Manipulation,Array,Hash Table,String
2565	Hard	Subsequence With the Minimum Score	Two Pointers,String,Binary Search
2566	Easy	Maximum Difference by Remapping a Digit	Greedy,Math
2567	Medium	Minimum Score by Changing Two Elements	Greedy,Array,Sorting
2568	Medium	Minimum Impossible OR	Bit Manipulation,Brainteaser,Array
2569	Hard	Handling Sum Queries After Update	Segment Tree,Array
2570	Easy	Merge Two 2D Arrays by Summing Values	Array,Hash Table,Two Pointers
2571	Medium	Minimum Operations to Reduce an Integer to 0	Greedy,Bit Manipulation,Dynamic Programming
2572	Medium	Count the Number of Square-Free Subsets	Bit Manipulation,Array,Math,Dynamic Programming,Bitmask,Number Theory
2573	Hard	Find the String with LCP	Greedy,Union Find,Array,String,Dynamic Programming,Matrix
2574	Easy	Left and Right Sum Differences	Array,Prefix Sum
2575	Medium	Find the Divisibility Array of a String	Array,Math,String
2576	Medium	Find the Maximum Number of Marked Indices	Greedy,Array,Two Pointers,Binary Search,Sorting
2577	Hard	Minimum Time to Visit a Cell In a Grid	Breadth-First Search,Graph,Array,Matrix,Shortest Path,Heap (Priority Queue)
2578	Easy	Split With Minimum Sum	Greedy,Math,Sorting
2579	Medium	Count Total Number of Colored Cells	Math
2580	Medium	Count Ways to Group Overlapping Ranges	Array,Sorting
2581	Hard	Count Number of Possible Root Nodes	Tree,Depth-First Search,Array,Hash Table,Dynamic Programming
2582	Easy	Pass the Pillow	Math,Simulation
2583	Medium	Kth Largest Sum in a Binary Tree	Tree,Breadth-First Search,Binary Tree,Sorting
2584	Hard	Split the Array to Make Coprime Products	Array,Hash Table,Math,Number Theory
2585	Hard	Number of Ways to Earn Points	Array,Dynamic Programming
2586	Easy	Count the Number of Vowel Strings in Range	Array,String,Counting
2587	Medium	Rearrange Array to Maximize Prefix Score	Greedy,Array,Prefix Sum,Sorting
2588	Medium	Count the Number of Beautiful Subarrays	Bit Manipulation,Array,Hash Table,Prefix Sum
2589	Hard	Minimum Time to Complete All Tasks	Stack,Greedy,Array,Binary Search,Sorting
2590	Medium	Design a Todo List	Design,Array,Hash Table,String,Sorting
2591	Easy	Distribute Money to Maximum Children	Greedy,Math
2592	Medium	Maximize Greatness of an Array	Greedy,Array,Two Pointers,Sorting
2593	Medium	Find Score of an Array After Marking All Elements	Array,Hash Table,Sorting,Simulation,Heap (Priority Queue)
2594	Medium	Minimum Time to Repair Cars	Array,Binary Search
2595	Easy	Number of Even and Odd Bits	Bit Manipulation
2596	Medium	Check Knight Tour Configuration	Depth-First Search,Breadth-First Search,Array,Matrix,Simulation
2597	Medium	The Number of Beautiful Subsets	Array,Hash Table,Math,Dynamic Programming,Backtracking,Combinatorics,Sorting
2598	Medium	Smallest Missing Non-negative Integer After Operations	Greedy,Array,Hash Table,Math
2599	Medium	Make the Prefix Sum Non-negative	Greedy,Array,Heap (Priority Queue)
2600	Easy	K Items With the Maximum Sum	Greedy,Math
2601	Medium	Prime Subtraction Operation	Greedy,Array,Math,Binary Search,Number Theory
2602	Medium	Minimum Operations to Make All Array Elements Equal	Array,Binary Search,Prefix Sum,Sorting
2603	Hard	Collect Coins in a Tree	Tree,Graph,Topological Sort,Array
2604	Hard	Minimum Time to Eat All Grains	Array,Two Pointers,Binary Search,Sorting
2605	Easy	Form Smallest Number From Two Digit Arrays	Array,Hash Table,Enumeration
2606	Medium	Find the Substring With Maximum Cost	Array,Hash Table,String,Dynamic Programming
2607	Medium	Make K-Subarray Sums Equal	Greedy,Array,Math,Number Theory,Sorting
2608	Hard	Shortest Cycle in a Graph	Breadth-First Search,Graph
2609	Easy	Find the Longest Balanced Substring of a Binary String	String
2610	Medium	Convert an Array Into a 2D Array With Conditions	Array,Hash Table
2611	Medium	Mice and Cheese	Greedy,Array,Sorting,Heap (Priority Queue)
2612	Hard	Minimum Reverse Operations	Breadth-First Search,Union Find,Array,Hash Table,Ordered Set
2613	Hard	Beautiful Pairs	Geometry,Array,Math,Divide and Conquer,Ordered Set,Sorting
2614	Easy	Prime In Diagonal	Array,Math,Matrix,Number Theory
2615	Medium	Sum of Distances	Array,Hash Table,Prefix Sum
2616	Medium	Minimize the Maximum Difference of Pairs	Greedy,Array,Binary Search,Dynamic Programming,Sorting
2617	Hard	Minimum Number of Visited Cells in a Grid	Stack,Breadth-First Search,Union Find,Array,Dynamic Programming,Matrix,Monotonic Stack,Heap (Priority Queue)
2618	Medium	Check if Object Instance of Class	
2619	Easy	Array Prototype Last	
2620	Easy	Counter	
2621	Easy	Sleep	
2622	Medium	Cache With Time Limit	
2623	Medium	Memoize	
2624	Medium	Snail Traversal	
2625	Medium	Flatten Deeply Nested Array	
2626	Easy	Array Reduce Transformation	
2627	Medium	Debounce	
2628	Medium	JSON Deep Equal	
2629	Easy	Function Composition	
2630	Hard	Memoize II	
2631	Medium	Group By	
2632	Medium	Curry	
2633	Medium	Convert Object to JSON String	
2634	Easy	Filter Elements from Array	
2635	Easy	Apply Transform Over Each Element in Array	
2636	Medium	Promise Pool	
2637	Medium	Promise Time Limit	
2638	Medium	Count the Number of K-Free Subsets	Array,Math,Dynamic Programming,Combinatorics,Sorting
2639	Easy	Find the Width of Columns of a Grid	Array,Matrix
2640	Medium	Find the Score of All Prefixes of an Array	Array,Prefix Sum
2641	Medium	Cousins in Binary Tree II	Tree,Depth-First Search,Breadth-First Search,Hash Table,Binary Tree
2642	Hard	Design Graph With Shortest Path Calculator	Graph,Design,Shortest Path,Heap (Priority Queue)
2643	Easy	Row With Maximum Ones	Array,Matrix
2644	Easy	Find the Maximum Divisibility Score	Array
2645	Medium	Minimum Additions to Make Valid String	Stack,Greedy,String,Dynamic Programming
2646	Hard	Minimize the Total Price of the Trips	Tree,Depth-First Search,Graph,Array,Dynamic Programming
2647	Hard	Color the Triangle Red	Array,Math
2648	Easy	Generate Fibonacci Sequence	
2649	Medium	Nested Array Generator	
2650	Hard	Design Cancellable Function	
2651	Easy	Calculate Delayed Arrival Time	Math
2652	Easy	Sum Multiples	Math
2653	Medium	Sliding Subarray Beauty	Array,Hash Table,Sliding Window
2654	Medium	Minimum Number of Operations to Make All Array Elements Equal to 1	Array,Math,Number Theory
2655	Medium	Find Maximal Uncovered Ranges	Array,Sorting
2656	Easy	Maximum Sum With Exactly K Elements	Greedy,Array
2657	Medium	Find the Prefix Common Array of Two Arrays	Bit Manipulation,Array,Hash Table
2658	Medium	Maximum Number of Fish in a Grid	Depth-First Search,Breadth-First Search,Union Find,Array,Matrix
2659	Hard	Make Array Empty	Greedy,Binary Indexed Tree,Segment Tree,Array,Binary Search,Ordered Set,Sorting
2660	Easy	Determine the Winner of a Bowling Game	Array,Simulation
2661	Medium	First Completely Painted Row or Column	Array,Hash Table,Matrix
2662	Medium	Minimum Cost of a Path With Special Roads	Graph,Array,Shortest Path,Heap (Priority Queue)
2663	Hard	Lexicographically Smallest Beautiful String	Greedy,String
2664	Medium	The Knight’s Tour	Array,Backtracking,Matrix
2665	Easy	Counter II	
2666	Easy	Allow One Function Call	
2667	Easy	Create Hello World Function	
2668	Easy	Find Latest Salaries	Database
2669	Easy	Count Artist Occurrences On Spotify Ranking List	Database
2670	Easy	Find the Distinct Difference Array	Array,Hash Table
2671	Medium	Frequency Tracker	Design,Hash Table
2672	Medium	Number of Adjacent Elements With the Same Color	Array
2673	Medium	Make Costs of Paths Equal in a Binary Tree	Greedy,Tree,Array,Dynamic Programming,Binary Tree
2674	Medium	Split a Circular Linked List	Linked List,Two Pointers
2675	Hard	Array of Objects to Matrix	
2676	Medium	Throttle	
2677	Easy	Chunk Array	
2678	Easy	Number of Senior Citizens	Array,String
2679	Medium	Sum in a Matrix	Array,Matrix,Sorting,Simulation,Heap (Priority Queue)
2680	Medium	Maximum OR	Greedy,Bit Manipulation,Array,Prefix Sum
2681	Hard	Power of Heroes	Array,Math,Dynamic Programming,Prefix Sum,Sorting
2682	Easy	Find the Losers of the Circular Game	Array,Hash Table,Simulation
2683	Medium	Neighboring Bitwise XOR	Bit Manipulation,Array
2684	Medium	Maximum Number of Moves in a Grid	Array,Dynamic Programming,Matrix
2685	Medium	Count the Number of Complete Components	Depth-First Search,Breadth-First Search,Union Find,Graph
2686	Medium	Immediate Food Delivery III	Database
2687	Easy	Bikes Last Time Used	Database
2688	Medium	Find Active Users	Database
2689	Easy	Extract Kth Character From The Rope Tree	Tree,Depth-First Search,Binary Tree
2690	Easy	Infinite Method Object	
2691	Hard	Immutability Helper	
2692	Medium	Make Object Immutable	
2693	Medium	Call Function with Custom Context	
2694	Medium	Event Emitter	
2695	Easy	Array Wrapper	
2696	Easy	Minimum String Length After Removing Substrings	Stack,String,Simulation
2697	Easy	Lexicographically Smallest Palindrome	Greedy,Two Pointers,String
2698	Medium	Find the Punishment Number of an Integer	Math,Backtracking
2699	Hard	Modify Graph Edge Weights	Graph,Shortest Path,Heap (Priority Queue)
2700	Medium	Differences Between Two Objects	
2701	Hard	Consecutive Transactions with Increasing Amounts	Database
2702	Hard	Minimum Operations to Make Numbers Non-positive	Array,Binary Search
2703	Easy	Return Length of Arguments Passed	
2704	Easy	To Be Or Not To Be	
2705	Medium	Compact Object	
2706	Easy	Buy Two Chocolates	Greedy,Array,Sorting
2707	Medium	Extra Characters in a String	Trie,Array,Hash Table,String,Dynamic Programming
2708	Medium	Maximum Strength of a Group	Greedy,Bit Manipulation,Array,Dynamic Programming,Backtracking,Enumeration,Sorting
2709	Hard	Greatest Common Divisor Traversal	Union Find,Array,Math,Number Theory
2710	Easy	Remove Trailing Zeros From a String	String
2711	Medium	Difference of Number of Distinct Values on Diagonals	Array,Hash Table,Matrix
2712	Medium	Minimum Cost to Make All Characters Equal	Greedy,String,Dynamic Programming
2713	Hard	Maximum Strictly Increasing Cells in a Matrix	Memoization,Array,Hash Table,Binary Search,Dynamic Programming,Matrix,Ordered Set,Sorting
2714	Hard	Find Shortest Path with K Hops	Graph,Shortest Path,Heap (Priority Queue)
2715	Easy	Timeout Cancellation	
2716	Easy	Minimize String Length	Hash Table,String
2717	Easy	Semi-Ordered Permutation	Array,Simulation
2718	Medium	Sum of Matrix After Queries	Array,Hash Table
2719	Hard	Count of Integers	Math,String,Dynamic Programming
2720	Hard	Popularity Percentage	Database
2721	Medium	Execute Asynchronous Functions in Parallel	
2722	Medium	Join Two Arrays by ID	
2723	Easy	Add Two Promises	
2724	Easy	Sort By	
2725	Easy	Interval Cancellation	
2726	Easy	Calculator with Method Chaining	
2727	Easy	Is Object Empty	
2728	Easy	Count Houses in a Circular Street	Array,Interactive
2729	Easy	Check if The Number is Fascinating	Hash Table,Math
2730	Medium	Find the Longest Semi-Repetitive Substring	String,Sliding Window
2731	Medium	Movement of Robots	Brainteaser,Array,Prefix Sum,Sorting
2732	Hard	Find a Good Subset of the Matrix	Bit Manipulation,Array,Hash Table,Matrix
2733	Easy	Neither Minimum nor Maximum	Array,Sorting
2734	Medium	Lexicographically Smallest String After Substring Operation	Greedy,String
2735	Medium	Collecting Chocolates	Array,Enumeration
2736	Hard	Maximum Sum Queries	Stack,Binary Indexed Tree,Segment Tree,Array,Binary Search,Sorting,Monotonic Stack
2737	Medium	Find the Closest Marked Node	Graph,Array,Shortest Path,Heap (Priority Queue)
2738	Medium	Count Occurrences in Text	Database
2739	Easy	Total Distance Traveled	Math,Simulation
2740	Medium	Find the Value of the Partition	Array,Sorting
2741	Medium	Special Permutations	Bit Manipulation,Array,Dynamic Programming,Bitmask
2742	Hard	Painting the Walls	Array,Dynamic Programming
2743	Medium	Count Substrings Without Repeating Character	Hash Table,String,Sliding Window
2744	Easy	Find Maximum Number of String Pairs	Array,Hash Table,String,Simulation
2745	Medium	Construct the Longest New String	Greedy,Brainteaser,Math,Dynamic Programming
2746	Medium	Decremental String Concatenation	Array,String,Dynamic Programming
2747	Medium	Count Zero Request Servers	Array,Hash Table,Sorting,Sliding Window
2748	Easy	Number of Beautiful Pairs	Array,Hash Table,Math,Counting,Number Theory
2749	Medium	Minimum Operations to Make the Integer Zero	Bit Manipulation,Brainteaser,Enumeration
2750	Medium	Ways to Split Array Into Good Subarrays	Array,Math,Dynamic Programming
2751	Hard	Robot Collisions	Stack,Array,Sorting,Simulation
2752	Hard	Customers with Maximum Number of Transactions on Consecutive Days	Database
2753	Hard	Count Houses in a Circular Street II	
2754	Medium	Bind Function to Context	
2755	Medium	Deep Merge of Two Objects	
2756	Hard	Query Batching	
2757	Medium	Generate Circular Array Values	
2758	Easy	Next Day	
2759	Hard	Convert JSON String to Object	
2760	Easy	Longest Even Odd Subarray With Threshold	Array,Sliding Window
2761	Medium	Prime Pairs With Target Sum	Array,Math,Enumeration,Number Theory
2762	Medium	Continuous Subarrays	Queue,Array,Ordered Set,Sliding Window,Monotonic Queue,Heap (Priority Queue)
2763	Hard	Sum of Imbalance Numbers of All Subarrays	Array,Hash Table,Enumeration
2764	Medium	Is Array a Preorder of Some ‌Binary Tree	Stack,Tree,Depth-First Search,Binary Tree
2765	Easy	Longest Alternating Subarray	Array,Enumeration
2766	Medium	Relocate Marbles	Array,Hash Table,Sorting,Simulation
2767	Medium	Partition String Into Minimum Beautiful Substrings	Hash Table,String,Dynamic Programming,Backtracking
2768	Medium	Number of Black Blocks	Array,Hash Table,Enumeration
2769	Easy	Find the Maximum Achievable Number	Math
2770	Medium	Maximum Number of Jumps to Reach the Last Index	Array,Dynamic Programming
2771	Medium	Longest Non-decreasing Subarray From Two Arrays	Array,Dynamic Programming
2772	Medium	Apply Operations to Make All Array Elements Equal to Zero	Array,Prefix Sum
2773	Medium	Height of Special Binary Tree	Tree,Depth-First Search,Breadth-First Search,Binary Tree
2774	Easy	Array Upper Bound	
2775	Medium	Undefined to Null	
2776	Medium	Convert Callback Based Function to Promise Based Function	
2777	Medium	Date Range Generator	
2778	Easy	Sum of Squares of Special Elements	Array,Enumeration
2779	Medium	Maximum Beauty of an Array After Applying Operation	Array,Binary Search,Sorting,Sliding Window
2780	Medium	Minimum Index of a Valid Split	Array,Hash Table,Sorting
2781	Hard	Length of the Longest Valid Substring	Array,Hash Table,String,Sliding Window
2782	Medium	Number of Unique Categories	Union Find,Counting,Interactive
2783	Medium	Flight Occupancy and Waitlist Analysis	Database
2784	Easy	Check if Array is Good	Array,Hash Table,Sorting
2785	Medium	Sort Vowels in a String	String,Sorting
2786	Medium	Visit Array Positions to Maximize Score	Array,Dynamic Programming
2787	Medium	Ways to Express an Integer as Sum of Powers	Dynamic Programming
2788	Easy	Split Strings by Separator	Array,String
2789	Medium	Largest Element in an Array after Merge Operations	Greedy,Array
2790	Hard	Maximum Number of Groups With Increasing Length	Greedy,Array,Math,Binary Search,Sorting
2791	Hard	Count Paths That Can Form a Palindrome in a Tree	Bit Manipulation,Tree,Depth-First Search,Hash Table
2792	Hard	Count Nodes That Are Great Enough	Tree,Depth-First Search,Divide and Conquer,Binary Tree
2793	Hard	Status of Flight Tickets	
2794	Easy	Create Object from Two Arrays	
2795	Medium	Parallel Execution of Promises for Individual Results Retrieval	
2796	Easy	Repeat String	
2797	Easy	Partial Function with Placeholders	
2798	Easy	Number of Employees Who Met the Target	Array
2799	Medium	Count Complete Subarrays in an Array	Array,Hash Table,Sliding Window
2800	Medium	Shortest String That Contains Three Strings	Greedy,String,Enumeration
2801	Hard	Count Stepping Numbers in Range	String,Dynamic Programming
2802	Medium	Find The K-th Lucky Number	Bit Manipulation,Math,String
2803	Easy	Factorial Generator	
2804	Easy	Array Prototype ForEach	
2805	Medium	Custom Interval	
2806	Easy	Account Balance After Rounded Purchase	Math
2807	Medium	Insert Greatest Common Divisors in Linked List	Linked List,Math,Number Theory
2808	Medium	Minimum Seconds to Equalize a Circular Array	Array,Hash Table
2809	Hard	Minimum Time to Make Array Sum At Most x	Array,Dynamic Programming,Sorting
2810	Easy	Faulty Keyboard	String,Simulation
2811	Medium	Check if it is Possible to Split Array	Greedy,Array,Dynamic Programming
2812	Medium	Find the Safest Path in a Grid	Breadth-First Search,Union Find,Array,Binary Search,Matrix,Heap (Priority Queue)
2813	Hard	Maximum Elegance of a K-Length Subsequence	Stack,Greedy,Array,Hash Table,Sorting,Heap (Priority Queue)
2814	Hard	Minimum Time Takes to Reach Destination Without Drowning	Breadth-First Search,Array,Matrix
2815	Easy	Max Pair Sum in an Array	Array,Hash Table
2816	Medium	Double a Number Represented as a Linked List	Stack,Linked List,Math
2817	Medium	Minimum Absolute Difference Between Elements With Constraint	Array,Binary Search,Ordered Set
2818	Hard	Apply Operations to Maximize Score	Stack,Greedy,Array,Math,Number Theory,Sorting,Monotonic Stack
2819	Hard	Minimum Relative Loss After Buying Chocolates	Array,Binary Search,Prefix Sum,Sorting
2820	Medium	Election Results	
2821	Medium	Delay the Resolution of Each Promise	
2822	Easy	Inversion of Object	
2823	Medium	Deep Object Filter	
2824	Easy	Count Pairs Whose Sum is Less than Target	Array,Two Pointers,Binary Search,Sorting
2825	Medium	Make String a Subsequence Using Cyclic Increments	Two Pointers,String
2826	Medium	Sorting Three Groups	Array,Binary Search,Dynamic Programming
2827	Hard	Number of Beautiful Integers in the Range	Math,Dynamic Programming
2828	Easy	Check if a String Is an Acronym of Words	Array,String
2829	Medium	Determine the Minimum Sum of a k-avoiding Array	Greedy,Math
2830	Medium	Maximize the Profit as the Salesman	Array,Hash Table,Binary Search,Dynamic Programming,Sorting
2831	Medium	Find the Longest Equal Subarray	Array,Hash Table,Binary Search,Sliding Window
2832	Medium	Maximal Range That Each Element Is Maximum in It	Stack,Array,Monotonic Stack
2833	Easy	Furthest Point From Origin	String,Counting
2834	Medium	Find the Minimum Possible Sum of a Beautiful Array	Greedy,Math
2835	Hard	Minimum Operations to Form Subsequence With Target Sum	Greedy,Bit Manipulation,Array
2836	Hard	Maximize Value of Function in a Ball Passing Game	Bit Manipulation,Array,Dynamic Programming
2837	Easy	Total Traveled Distance	Database
2838	Medium	Maximum Coins Heroes Can Collect	Array,Two Pointers,Binary Search,Prefix Sum,Sorting
2839	Easy	Check if Strings Can be Made Equal With Operations I	String
2840	Medium	Check if Strings Can be Made Equal With Operations II	Hash Table,String,Sorting
2841	Medium	Maximum Sum of Almost Unique Subarray	Array,Hash Table,Sliding Window
2842	Hard	Count K-Subsequences of a String With Maximum Beauty	Greedy,Hash Table,Math,String,Combinatorics,Sorting
2843	Easy	Count Symmetric Integers	Math,Enumeration
2844	Medium	Minimum Operations to Make a Special Number	Greedy,Math,String,Enumeration
2845	Medium	Count of Interesting Subarrays	Array,Hash Table,Prefix Sum
2846	Hard	Minimum Edge Weight Equilibrium Queries in a Tree	Bit Manipulation,Tree,Depth-First Search,Array,Dynamic Programming
2847	Medium	Smallest Number With Given Digit Product	Greedy,Math
2848	Easy	Points That Intersect With Cars	Array,Hash Table,Prefix Sum
2849	Medium	Determine if a Cell Is Reachable at a Given Time	Math
2850	Medium	Minimum Moves to Spread Stones Over Grid	Bit Manipulation,Array,Dynamic Programming,Backtracking,Bitmask,Matrix
2851	Hard	String Transformation	Math,String,Dynamic Programming,String Matching
2852	Medium	Sum of Remoteness of All Cells	Depth-First Search,Breadth-First Search,Union Find,Array,Hash Table,Matrix
2853	Easy	Highest Salaries Difference	Database
2854	Medium	Rolling Average Steps	Database
2855	Easy	Minimum Right Shifts to Sort the Array	Array
2856	Medium	Minimum Array Length After Pair Removals	Greedy,Array,Hash Table,Two Pointers,Binary Search,Counting
2857	Medium	Count Pairs of Points With Distance k	Bit Manipulation,Array,Hash Table
2858	Hard	Minimum Edge Reversals So Every Node Is Reachable	Depth-First Search,Breadth-First Search,Graph,Dynamic Programming
2859	Easy	Sum of Values at Indices With K Set Bits	Bit Manipulation,Array
2860	Medium	Happy Students	Array,Enumeration,Sorting
2861	Medium	Maximum Number of Alloys	Array,Binary Search
2862	Hard	Maximum Element-Sum of a Complete Subset of Indices	Array,Math,Number Theory
2863	Medium	Maximum Length of Semi-Decreasing Subarrays	Stack,Array,Sorting,Monotonic Stack
2864	Easy	Maximum Odd Binary Number	Greedy,Math,String
2865	Medium	Beautiful Towers I	Stack,Array,Monotonic Stack
2866	Medium	Beautiful Towers II	Stack,Array,Monotonic Stack
2867	Hard	Count Valid Paths in a Tree	Tree,Depth-First Search,Math,Dynamic Programming,Number Theory
2868	Hard	The Wording Game	Greedy,Array,Math,Two Pointers,String,Game Theory
2869	Easy	Minimum Operations to Collect Elements	Bit Manipulation,Array,Hash Table
2870	Medium	Minimum Number of Operations to Make Array Empty	Greedy,Array,Hash Table,Counting
2871	Medium	Split Array Into Maximum Number of Subarrays	Greedy,Bit Manipulation,Array
2872	Hard	Maximum Number of K-Divisible Components	Tree,Depth-First Search
2873	Easy	Maximum Value of an Ordered Triplet I	Array
2874	Medium	Maximum Value of an Ordered Triplet II	Array
2875	Medium	Minimum Size Subarray in Infinite Array	Array,Hash Table,Prefix Sum,Sliding Window
2876	Hard	Count Visited Nodes in a Directed Graph	Depth-First Search,Graph,Topological Sort,Memoization,Dynamic Programming
2877	Easy	Create a DataFrame from List	
2878	Easy	Get the Size of a DataFrame	
2879	Easy	Display the First Three Rows	
2880	Easy	Select Data	
2881	Easy	Create a New Column	
2882	Easy	Drop Duplicate Rows	
2883	Easy	Drop Missing Data	
2884	Easy	Modify Columns	
2885	Easy	Rename Columns	
2886	Easy	Change Data Type	
2887	Easy	Fill Missing Data	
2888	Easy	Reshape Data Concatenate	
2889	Easy	Reshape Data Pivot	
2890	Easy	Reshape Data Melt	
2891	Easy	Method Chaining	
2892	Medium	Minimizing Array After Replacing Pairs With Their Product	Greedy,Array,Dynamic Programming
2893	Medium	Calculate Orders Within Each Interval	Database
2894	Easy	Divisible and Non-divisible Sums Difference	Math
2895	Medium	Minimum Processing Time	Greedy,Array,Sorting
2896	Medium	Apply Operations to Make Two Strings Equal	String,Dynamic Programming
2897	Hard	Apply Operations on Array to Maximize Sum of Squares	Greedy,Bit Manipulation,Array,Hash Table
2898	Medium	Maximum Linear Stock Score	Array,Hash Table
2899	Easy	Last Visited Integers	Array,Simulation
2900	Easy	Longest Unequal Adjacent Groups Subsequence I	Greedy,Array,String,Dynamic Programming
2901	Medium	Longest Unequal Adjacent Groups Subsequence II	Array,String,Dynamic Programming
2902	Hard	Count of Sub-Multisets With Bounded Sum	Array,Hash Table,Dynamic Programming,Sliding Window
2903	Easy	Find Indices With Index and Value Difference I	Array,Two Pointers
2904	Medium	Shortest and Lexicographically Smallest Beautiful String	String,Sliding Window
2905	Medium	Find Indices With Index and Value Difference II	Array,Two Pointers
2906	Medium	Construct Product Matrix	Array,Matrix,Prefix Sum
2907	Medium	Maximum Profitable Triplets With Increasing Prices I	Binary Indexed Tree,Segment Tree,Array
2908	Easy	Minimum Sum of Mountain Triplets I	Array
2909	Medium	Minimum Sum of Mountain Triplets II	Array
2910	Medium	Minimum Number of Groups to Create a Valid Assignment	Greedy,Array,Hash Table
2911	Hard	Minimum Changes to Make K Semi-palindromes	Two Pointers,String,Dynamic Programming
2912	Hard	Number of Ways to Reach Destination in the Grid	Math,Dynamic Programming,Combinatorics
2913	Easy	Subarrays Distinct Element Sum of Squares I	Segment Tree,Array,Hash Table
2914	Medium	Minimum Number of Changes to Make Binary String Beautiful	String
2915	Medium	Length of the Longest Subsequence That Sums to Target	Array,Dynamic Programming
2916	Hard	Subarrays Distinct Element Sum of Squares II	Binary Indexed Tree,Segment Tree,Array,Hash Table
2917	Easy	Find the K-or of an Array	Bit Manipulation,Array
2918	Medium	Minimum Equal Sum of Two Arrays After Replacing Zeros	Greedy,Array
2919	Medium	Minimum Increment Operations to Make Array Beautiful	Array,Dynamic Programming
2920	Hard	Maximum Points After Collecting Coins From All Nodes	Bit Manipulation,Tree,Depth-First Search,Memoization,Array,Dynamic Programming
2921	Hard	Maximum Profitable Triplets With Increasing Prices II	Binary Indexed Tree,Segment Tree,Array
2922	Medium	Market Analysis III	Database
2923	Easy	Find Champion I	Array,Matrix
2924	Medium	Find Champion II	Graph
2925	Medium	Maximum Score After Applying Operations on a Tree	Tree,Depth-First Search,Dynamic Programming
2926	Hard	Maximum Balanced Subsequence Sum	Binary Indexed Tree,Segment Tree,Array,Binary Search,Dynamic Programming
2927	Hard	Distribute Candies Among Children III	Math,Combinatorics
2928	Easy	Distribute Candies Among Children I	Math,Combinatorics,Enumeration
2929	Medium	Distribute Candies Among Children II	Math,Combinatorics,Enumeration
2930	Medium	Number of Strings Which Can Be Rearranged to Contain Substring	Math,Dynamic Programming,Combinatorics
2931	Hard	Maximum Spending After Buying Items	Greedy,Array,Matrix,Sorting,Heap (Priority Queue)
2932	Easy	Maximum Strong Pair XOR I	Bit Manipulation,Trie,Array,Hash Table,Sliding Window
2933	Medium	High-Access Employees	Array,Hash Table,String,Sorting
2934	Medium	Minimum Operations to Maximize Last Elements in Arrays	Array,Enumeration
2935	Hard	Maximum Strong Pair XOR II	Bit Manipulation,Trie,Array,Hash Table,Sliding Window
2936	Medium	Number of Equal Numbers Blocks	Array,Binary Search,Interactive
2937	Easy	Make Three Strings Equal	String
2938	Medium	Separate Black and White Balls	Greedy,Two Pointers,String
2939	Medium	Maximum Xor Product	Greedy,Bit Manipulation,Math
2940	Hard	Find Building Where Alice and Bob Can Meet	Stack,Binary Indexed Tree,Segment Tree,Array,Binary Search,Monotonic Stack,Heap (Priority Queue)
2941	Hard	Maximum GCD-Sum of a Subarray	Array,Math,Binary Search,Number Theory
2942	Easy	Find Words Containing Character	Array,String
2943	Medium	Maximize Area of Square Hole in Grid	Array,Sorting
2944	Medium	Minimum Number of Coins for Fruits	Queue,Array,Dynamic Programming,Monotonic Queue,Heap (Priority Queue)
2945	Hard	Find Maximum Non-decreasing Array Length	Stack,Queue,Array,Binary Search,Dynamic Programming,Prefix Sum,Monotonic Queue,Monotonic Stack
2946	Easy	Matrix Similarity After Cyclic Shifts	Array,Math,Matrix,Simulation
2947	Medium	Count Beautiful Substrings I	Hash Table,Math,String,Enumeration,Number Theory,Prefix Sum
2948	Medium	Make Lexicographically Smallest Array by Swapping Elements	Union Find,Array,Sorting
2949	Hard	Count Beautiful Substrings II	Hash Table,Math,String,Number Theory,Prefix Sum
2950	Medium	Number of Divisible Substrings	Hash Table,String,Counting,Prefix Sum
2951	Easy	Find the Peaks	Array,Enumeration
2952	Medium	Minimum Number of Coins to be Added	Greedy,Array,Sorting
2953	Hard	Count Complete Substrings	Hash Table,String,Sliding Window
2954	Hard	Count the Number of Infection Sequences	Array,Math,Combinatorics
2955	Medium	Number of Same-End Substrings	Array,Hash Table,String,Counting,Prefix Sum
2956	Easy	Find Common Elements Between Two Arrays	Array,Hash Table
2957	Medium	Remove Adjacent Almost-Equal Characters	Greedy,String,Dynamic Programming
2958	Medium	Length of Longest Subarray With at Most K Frequency	Array,Hash Table,Sliding Window
2959	Hard	Number of Possible Sets of Closing Branches	Bit Manipulation,Graph,Enumeration,Shortest Path,Heap (Priority Queue)
2960	Easy	Count Tested Devices After Test Operations	Array,Counting,Simulation
2961	Medium	Double Modular Exponentiation	Array,Math,Simulation
2962	Medium	Count Subarrays Where Max Element Appears at Least K Times	Array,Sliding Window
2963	Hard	Count the Number of Good Partitions	Array,Hash Table,Math,Combinatorics
2964	Medium	Number of Divisible Triplet Sums	Array,Hash Table
2965	Easy	Find Missing and Repeated Values	Array,Hash Table,Math,Matrix
2966	Medium	Divide Array Into Arrays With Max Difference	Greedy,Array,Sorting
2967	Medium	Minimum Cost to Make Array Equalindromic	Greedy,Array,Math,Binary Search,Sorting
2968	Hard	Apply Operations to Maximize Frequency Score	Array,Binary Search,Prefix Sum,Sorting,Sliding Window
2969	Hard	Minimum Number of Coins for Fruits II	Queue,Array,Dynamic Programming,Monotonic Queue,Heap (Priority Queue)
2970	Easy	Count the Number of Incremovable Subarrays I	Array,Two Pointers,Binary Search,Enumeration
2971	Medium	Find Polygon With the Largest Perimeter	Greedy,Array,Prefix Sum,Sorting
2972	Hard	Count the Number of Incremovable Subarrays II	Array,Two Pointers,Binary Search
2973	Hard	Find Number of Coins to Place in Tree Nodes	Tree,Depth-First Search,Dynamic Programming,Sorting,Heap (Priority Queue)
2974	Easy	Minimum Number Game	Array,Sorting,Simulation,Heap (Priority Queue)
2975	Medium	Maximum Square Area by Removing Fences From a Field	Array,Hash Table,Enumeration
2976	Medium	Minimum Cost to Convert String I	Graph,Array,String,Shortest Path
2977	Hard	Minimum Cost to Convert String II	Graph,Trie,Array,String,Dynamic Programming,Shortest Path
2978	Medium	Symmetric Coordinates	Database
2979	Medium	Most Expensive Item That Can Not Be Bought	Math,Dynamic Programming,Number Theory
2980	Easy	Check if Bitwise OR Has Trailing Zeros	Bit Manipulation,Array
2981	Medium	Find Longest Special Substring That Occurs Thrice I	Hash Table,String,Binary Search,Counting,Sliding Window
2982	Medium	Find Longest Special Substring That Occurs Thrice II	Hash Table,String,Binary Search,Counting,Sliding Window
2983	Hard	Palindrome Rearrangement Queries	Array,Hash Table,String,Prefix Sum
2984	Medium	Find Peak Calling Hours for Each City	Database
2985	Easy	Calculate Compressed Mean	Database
2986	Medium	Find Third Transaction	Database
2987	Easy	Find Expensive Cities	Database
2988	Medium	Manager of the Largest Department	Database
2989	Medium	Class Performance	Database
2990	Easy	Loan Types	Database
2991	Hard	Top Three Wineries	Database
2992	Medium	Number of Self-Divisible Permutations	Bit Manipulation,Array,Math,Dynamic Programming,Backtracking,Bitmask,Number Theory
2993	Medium	Friday Purchases I	Database
2994	Hard	Friday Purchases II	Database
2995	Hard	Viewers Turned Streamers	Database
2996	Easy	Smallest Missing Integer Greater Than Sequential Prefix Sum	Array,Hash Table,Sorting
2997	Medium	Minimum Number of Operations to Make Array XOR Equal to K	Bit Manipulation,Array
2998	Medium	Minimum Number of Operations to Make X and Y Equal	Breadth-First Search,Memoization,Dynamic Programming
2999	Hard	Count the Number of Powerful Integers	Math,String,Dynamic Programming
3000	Easy	Maximum Area of Longest Diagonal Rectangle	Array
3001	Medium	Minimum Moves to Capture The Queen	Math,Enumeration
3002	Medium	Maximum Size of a Set After Removals	Greedy,Array,Hash Table
3003	Hard	Maximize the Number of Partitions After Operations	Bit Manipulation,String,Dynamic Programming,Bitmask
3004	Medium	Maximum Subtree of the Same Color	Tree,Depth-First Search,Array,Dynamic Programming
3005	Easy	Count Elements With Maximum Frequency	Array,Hash Table,Counting
3006	Medium	Find Beautiful Indices in the Given Array I	Two Pointers,String,Binary Search,String Matching,Hash Function,Rolling Hash
3007	Medium	Maximum Number That Sum of the Prices Is Less Than or Equal to K	Bit Manipulation,Math,Binary Search,Dynamic Programming
3008	Hard	Find Beautiful Indices in the Given Array II	Two Pointers,String,Binary Search,String Matching,Hash Function,Rolling Hash
3009	Hard	Maximum Number of Intersections on the Chart	Binary Indexed Tree,Geometry,Array,Hash Table,Math,Sorting,Sweep Line
3010	Easy	Divide an Array Into Subarrays With Minimum Cost I	Array,Enumeration,Sorting
3011	Medium	Find if Array Can Be Sorted	Bit Manipulation,Array,Sorting
3012	Medium	Minimize Length of Array Using Operations	Greedy,Array,Math,Number Theory
3013	Hard	Divide an Array Into Subarrays With Minimum Cost II	Array,Hash Table,Sliding Window,Heap (Priority Queue)
3014	Easy	Minimum Number of Pushes to Type Word I	Greedy,Math,String
3015	Medium	Count the Number of Houses at a Certain Distance I	Breadth-First Search,Graph,Prefix Sum
3016	Medium	Minimum Number of Pushes to Type Word II	Greedy,Hash Table,String,Counting,Sorting
3017	Hard	Count the Number of Houses at a Certain Distance II	Graph,Prefix Sum
3018	Hard	Maximum Number of Removal Queries That Can Be Processed I	Array,Dynamic Programming
3019	Easy	Number of Changing Keys	String
3020	Medium	Find the Maximum Number of Elements in Subset	Array,Hash Table,Enumeration
3021	Medium	Alice and Bob Playing Flower Game	Math
3022	Hard	Minimize OR of Remaining Elements Using Operations	Greedy,Bit Manipulation,Array
3023	Medium	Find Pattern in Infinite Stream I	Array,Interactive,String Matching,Sliding Window,Hash Function,Rolling Hash
3024	Easy	Type of Triangle	Array,Math,Sorting
3025	Medium	Find the Number of Ways to Place People I	Geometry,Array,Math,Enumeration,Sorting
3026	Medium	Maximum Good Subarray Sum	Array,Hash Table,Prefix Sum
3027	Hard	Find the Number of Ways to Place People II	Geometry,Array,Math,Enumeration,Sorting
3028	Easy	Ant on the Boundary	Array,Prefix Sum,Simulation
3029	Medium	Minimum Time to Revert Word to Initial State I	String,String Matching,Hash Function,Rolling Hash
3030	Medium	Find the Grid of Region Average	Array,Matrix
3031	Hard	Minimum Time to Revert Word to Initial State II	String,String Matching,Hash Function,Rolling Hash
3032	Easy	Count Numbers With Unique Digits II	Hash Table,Math,Dynamic Programming
3033	Easy	Modify the Matrix	Array,Matrix
3034	Medium	Number of Subarrays That Match a Pattern I	Array,String Matching,Hash Function,Rolling Hash
3035	Medium	Maximum Palindromes After Operations	Greedy,Array,Hash Table,String,Counting,Sorting
3036	Hard	Number of Subarrays That Match a Pattern II	Array,String Matching,Hash Function,Rolling Hash
3037	Hard	Find Pattern in Infinite Stream II	Array,Interactive,String Matching,Sliding Window,Hash Function,Rolling Hash
3038	Easy	Maximum Number of Operations With the Same Score I	Array,Simulation
3039	Medium	Apply Operations to Make String Empty	Array,Hash Table,Counting,Sorting
3040	Medium	Maximum Number of Operations With the Same Score II	Memoization,Array,Dynamic Programming
3041	Hard	Maximize Consecutive Elements in an Array After Modification	Array,Dynamic Programming,Sorting
3042	Easy	Count Prefix and Suffix Pairs I	Trie,Array,String,String Matching,Hash Function,Rolling Hash
3043	Medium	Find the Length of the Longest Common Prefix	Trie,Array,Hash Table,String
3044	Medium	Most Frequent Prime	Array,Hash Table,Math,Counting,Enumeration,Matrix,Number Theory
3045	Hard	Count Prefix and Suffix Pairs II	Trie,Array,String,String Matching,Hash Function,Rolling Hash
3046	Easy	Split the Array	Array,Hash Table,Counting
3047	Medium	Find the Largest Area of Square Inside Two Rectangles	Geometry,Array,Math
3048	Medium	Earliest Second to Mark Indices I	Array,Binary Search
3049	Hard	Earliest Second to Mark Indices II	Greedy,Array,Binary Search,Heap (Priority Queue)
3050	Medium	Pizza Toppings Cost Analysis	Database
3051	Easy	Find Candidates for Data Scientist Position	Database
3052	Hard	Maximize Items	Database
3053	Easy	Classifying Triangles by Lengths	Database
3054	Medium	Binary Tree Nodes	Database
3055	Medium	Top Percentile Fraud	Database
3056	Medium	Snaps Analysis	Database
3057	Hard	Employees Project Allocation	Database
3058	Medium	Friends With No Mutual Friends	Database
3059	Easy	Find All Unique Email Domains	Database
3060	Hard	User Activities within Time Bounds	Database
3061	Hard	Calculate Trapping Rain Water	Database
3062	Easy	Winner of the Linked List Game	Linked List
3063	Easy	Linked List Frequency	Hash Table,Linked List,Counting
3064	Medium	Guess the Number Using Bitwise Questions I	Bit Manipulation,Interactive
3065	Easy	Minimum Operations to Exceed Threshold Value I	Array
3066	Medium	Minimum Operations to Exceed Threshold Value II	Array,Simulation,Heap (Priority Queue)
3067	Medium	Count Pairs of Connectable Servers in a Weighted Tree Network	Tree,Depth-First Search,Array
3068	Hard	Find the Maximum Sum of Node Values	Greedy,Bit Manipulation,Tree,Array,Dynamic Programming,Sorting
3069	Easy	Distribute Elements Into Two Arrays I	Array,Simulation
3070	Medium	Count Submatrices with Top-Left Element and Sum Less Than k	Array,Matrix,Prefix Sum
3071	Medium	Minimum Operations to Write the Letter Y on a Grid	Array,Hash Table,Counting,Matrix
3072	Hard	Distribute Elements Into Two Arrays II	Binary Indexed Tree,Segment Tree,Array,Simulation
3073	Medium	Maximum Increasing Triplet Value	Array,Ordered Set
3074	Easy	Apple Redistribution into Boxes	Greedy,Array,Sorting
3075	Medium	Maximize Happiness of Selected Children	Greedy,Array,Sorting
3076	Medium	Shortest Uncommon Substring in an Array	Trie,Array,Hash Table,String
3077	Hard	Maximum Strength of K Disjoint Subarrays	Array,Dynamic Programming,Prefix Sum
3078	Medium	Match Alphanumerical Pattern in Matrix I	Array,Hash Table,String,Matrix
3079	Easy	Find the Sum of Encrypted Integers	Array,Math
3080	Medium	Mark Elements on Array by Performing Queries	Array,Hash Table,Sorting,Simulation,Heap (Priority Queue)
3081	Medium	Replace Question Marks in String to Minimize Its Value	Greedy,Hash Table,String,Counting,Sorting,Heap (Priority Queue)
3082	Hard	Find the Sum of the Power of All Subsequences	Array,Dynamic Programming
3083	Easy	Existence of a Substring in a String and Its Reverse	Hash Table,String
3084	Medium	Count Substrings Starting and Ending with Given Character	Math,String,Counting
3085	Medium	Minimum Deletions to Make String K-Special	Greedy,Hash Table,String,Counting,Sorting
3086	Hard	Minimum Moves to Pick K Ones	Greedy,Array,Prefix Sum,Sliding Window
3087	Medium	Find Trending Hashtags	Database
3088	Hard	Make String Anti-palindrome	Greedy,String,Counting Sort,Sorting
3089	Medium	Find Bursty Behavior	Database
3090	Easy	Maximum Length Substring With Two Occurrences	Hash Table,String,Sliding Window
3091	Medium	Apply Operations to Make Sum of Array Greater Than or Equal to k	Greedy,Math,Enumeration
3092	Medium	Most Frequent IDs	Array,Hash Table,Ordered Set,Heap (Priority Queue)
3093	Hard	Longest Common Suffix Queries	Trie,Array,String
3094	Medium	Guess the Number Using Bitwise Questions II	Bit Manipulation,Interactive
3095	Easy	Shortest Subarray With OR at Least K I	Bit Manipulation,Array,Sliding Window
3096	Medium	Minimum Levels to Gain More Points	Array,Prefix Sum
3097	Medium	Shortest Subarray With OR at Least K II	Bit Manipulation,Array,Sliding Window
3098	Hard	Find the Sum of Subsequence Powers	Array,Dynamic Programming,Sorting
3099	Easy	Harshad Number	Math
3100	Medium	Water Bottles II	Math,Simulation
3101	Medium	Count Alternating Subarrays	Array,Math
3102	Hard	Minimize Manhattan Distances	Geometry,Array,Math,Ordered Set,Sorting
3103	Hard	Find Trending Hashtags II	Database
3104	Hard	Find Longest Self-Contained Substring	Hash Table,String,Sorting
3105	Easy	Longest Strictly Increasing or Strictly Decreasing Subarray	Array
3106	Medium	Lexicographically Smallest String After Operations With Constraint	Greedy,String
3107	Medium	Minimum Operations to Make Median of Array Equal to K	Greedy,Array,Sorting
3108	Hard	Minimum Cost Walk in Weighted Graph	Bit Manipulation,Union Find,Graph,Array
3109	Medium	Find the Index of Permutation	Binary Indexed Tree,Segment Tree,Array,Binary Search,Divide and Conquer,Ordered Set,Merge Sort
3110	Easy	Score of a String	String
3111	Medium	Minimum Rectangles to Cover Points	Greedy,Array,Sorting
3112	Medium	Minimum Time to Visit Disappearing Nodes	Graph,Array,Shortest Path,Heap (Priority Queue)
3113	Hard	Find the Number of Subarrays Where Boundary Elements Are Maximum	Stack,Array,Binary Search,Monotonic Stack
3114	Easy	Latest Time You Can Obtain After Replacing Characters	String,Enumeration
3115	Medium	Maximum Prime Difference	Array,Math,Number Theory
3116	Hard	Kth Smallest Amount With Single Denomination Combination	Bit Manipulation,Array,Math,Binary Search,Combinatorics,Number Theory
3117	Hard	Minimum Sum of Values by Dividing Array	Bit Manipulation,Segment Tree,Queue,Array,Binary Search,Dynamic Programming
3118	Medium	Friday Purchase III	Database
3119	Medium	Maximum Number of Potholes That Can Be Fixed	Greedy,String,Sorting
3120	Easy	Count the Number of Special Characters I	Hash Table,String
3121	Medium	Count the Number of Special Characters II	Hash Table,String
3122	Medium	Minimum Number of Operations to Satisfy Conditions	Array,Dynamic Programming,Matrix
3123	Hard	Find Edges in Shortest Paths	Depth-First Search,Breadth-First Search,Graph,Shortest Path,Heap (Priority Queue)
3124	Medium	Find Longest Calls	Database
3125	Medium	Maximum Number That Makes Result of Bitwise AND Zero	Greedy,String,Sorting
3126	Medium	Server Utilization Time	Database
3127	Easy	Make a Square with the Same Color	Array,Enumeration,Matrix
3128	Medium	Right Triangles	Array,Hash Table,Math,Combinatorics,Counting
3129	Medium	Find All Possible Stable Binary Arrays I	Dynamic Programming,Prefix Sum
3130	Hard	Find All Possible Stable Binary Arrays II	Dynamic Programming,Prefix Sum
3131	Easy	Find the Integer Added to Array I	Array
3132	Medium	Find the Integer Added to Array II	Array,Two Pointers,Enumeration,Sorting
3133	Medium	Minimum Array End	Bit Manipulation
3134	Hard	Find the Median of the Uniqueness Array	Array,Hash Table,Binary Search,Sliding Window
3135	Medium	Equalize Strings by Adding or Removing Characters at Ends	String,Binary Search,Dynamic Programming,Sliding Window,Hash Function
3136	Easy	Valid Word	String
3137	Medium	Minimum Number of Operations to Make Word K-Periodic	Hash Table,String,Counting
3138	Medium	Minimum Length of Anagram Concatenation	Hash Table,String,Counting
3139	Hard	Minimum Cost to Equalize Array	Greedy,Array,Enumeration
3140	Medium	Consecutive Available Seats II	Database
3141	Hard	Maximum Hamming Distances	Bit Manipulation,Breadth-First Search,Array
3142	Easy	Check if Grid Satisfies Conditions	Array,Matrix
3143	Medium	Maximum Points Inside the Square	Array,Hash Table,String,Binary Search,Sorting
3144	Medium	Minimum Substring Partition of Equal Character Frequency	Hash Table,String,Dynamic Programming,Counting
3145	Hard	Find Products of Elements of Big Array	Bit Manipulation,Array,Binary Search
3146	Easy	Permutation Difference between Two Strings	Hash Table,String
3147	Medium	Taking Maximum Energy From the Mystic Dungeon	Array,Dynamic Programming,Prefix Sum
3148	Medium	Maximum Difference Score in a Grid	Array,Dynamic Programming,Matrix
3149	Hard	Find the Minimum Cost Array Permutation	Bit Manipulation,Array,Dynamic Programming,Bitmask
3150	Easy	Invalid Tweets II	Database
3151	Easy	Special Array I	Array
3152	Medium	Special Array II	Array,Binary Search,Prefix Sum
3153	Medium	Sum of Digit Differences of All Pairs	Array,Hash Table,Math,Counting
3154	Hard	Find Number of Ways to Reach the K-th Stair	Bit Manipulation,Memoization,Math,Dynamic Programming,Combinatorics
3155	Medium	Maximum Number of Upgradable Servers	Array,Math,Binary Search
3156	Hard	Employee Task Duration and Concurrent Tasks	Database
3157	Medium	Find the Level of Tree with Minimum Sum	Tree,Depth-First Search,Breadth-First Search,Binary Tree
3158	Easy	Find the XOR of Numbers Which Appear Twice	Bit Manipulation,Array,Hash Table
3159	Medium	Find Occurrences of an Element in an Array	Array,Hash Table
3160	Medium	Find the Number of Distinct Colors Among the Balls	Array,Hash Table,Simulation
3161	Hard	Block Placement Queries	Binary Indexed Tree,Segment Tree,Array,Binary Search,Ordered Set
3162	Easy	Find the Number of Good Pairs I	Array,Hash Table
3163	Medium	String Compression III	String
3164	Medium	Find the Number of Good Pairs II	Array,Hash Table
3165	Hard	Maximum Sum of Subsequence With Non-adjacent Elements	Segment Tree,Array,Divide and Conquer,Dynamic Programming
3166	Medium	Calculate Parking Fees and Duration	Database
3167	Medium	Better Compression of String	Hash Table,String,Counting,Sorting
3168	Easy	Minimum Number of Chairs in a Waiting Room	String,Simulation
3169	Medium	Count Days Without Meetings	Array,Sorting
3170	Medium	Lexicographically Minimum String After Removing Stars	Stack,Greedy,Hash Table,String,Heap (Priority Queue)
3171	Hard	Find Subarray With Bitwise OR Closest to K	Bit Manipulation,Segment Tree,Array,Binary Search
3172	Easy	Second Day Verification	Database
3173	Easy	Bitwise OR of Adjacent Elements	Bit Manipulation,Array
3174	Easy	Clear Digits	Stack,String,Simulation
3175	Medium	Find The First Player to win K Games in a Row	Array,Simulation
3176	Medium	Find the Maximum Length of a Good Subsequence I	Array,Hash Table,Dynamic Programming
3177	Hard	Find the Maximum Length of a Good Subsequence II	Array,Hash Table,Dynamic Programming
3178	Easy	Find the Child Who Has the Ball After K Seconds	Math,Simulation
3179	Medium	Find the N-th Value After K Seconds	Array,Math,Combinatorics,Prefix Sum,Simulation
3180	Medium	Maximum Total Reward Using Operations I	Bit Manipulation,Array,Dynamic Programming,Sorting
3181	Hard	Maximum Total Reward Using Operations II	Bit Manipulation,Array,Dynamic Programming,Sorting
3182	Medium	Find Top Scoring Students	Database
3183	Medium	The Number of Ways to Make the Sum	Array,Dynamic Programming
3184	Easy	Count Pairs That Form a Complete Day I	Array,Hash Table,Counting
3185	Medium	Count Pairs That Form a Complete Day II	Array,Hash Table,Counting
3186	Medium	Maximum Total Damage With Spell Casting	Array,Hash Table,Two Pointers,Binary Search,Dynamic Programming,Counting,Sorting
3187	Hard	Peaks in Array	Binary Indexed Tree,Segment Tree,Array
3188	Hard	Find Top Scoring Students II	Database
3189	Medium	Minimum Moves to Get a Peaceful Board	Greedy,Array,Counting Sort,Sorting
3190	Easy	Find Minimum Operations to Make All Elements Divisible by Three	Array,Math
3191	Medium	Minimum Operations to Make Binary Array Elements Equal to One I	Bit Manipulation,Queue,Array,Prefix Sum,Sliding Window
3192	Medium	Minimum Operations to Make Binary Array Elements Equal to One II	Greedy,Array,Dynamic Programming
3193	Hard	Count the Number of Inversions	Array,Dynamic Programming
3194	Easy	Minimum Average of Smallest and Largest Elements	Array,Two Pointers,Sorting
3195	Medium	Find the Minimum Area to Cover All Ones I	Array,Matrix
3196	Medium	Maximize Total Cost of Alternating Subarrays	Array,Dynamic Programming
3197	Hard	Find the Minimum Area to Cover All Ones II	Array,Enumeration,Matrix
3198	Easy	Find Cities in Each State	Database
3199	Easy	Count Triplets with Even XOR Set Bits I	Bit Manipulation,Array
3200	Easy	Maximum Height of a Triangle	Array,Enumeration
3201	Medium	Find the Maximum Length of Valid Subsequence I	Array,Dynamic Programming
3202	Medium	Find the Maximum Length of Valid Subsequence II	Array,Dynamic Programming
3203	Hard	Find Minimum Diameter After Merging Two Trees	Tree,Depth-First Search,Breadth-First Search,Graph
3204	Medium	Bitwise User Permissions Analysis	Database
3205	Medium	Maximum Array Hopping Score I	Stack,Greedy,Array,Dynamic Programming,Monotonic Stack
3206	Easy	Alternating Groups I	Array,Sliding Window
3207	Medium	Maximum Points After Enemy Battles	Greedy,Array
3208	Medium	Alternating Groups II	Array,Sliding Window
3209	Hard	Number of Subarrays With AND Value of K	Bit Manipulation,Segment Tree,Array,Binary Search
3210	Easy	Find the Encrypted String	String
3211	Medium	Generate Binary Strings Without Adjacent Zeros	Bit Manipulation,String,Backtracking
3212	Medium	Count Submatrices With Equal Frequency of X and Y	Array,Matrix,Prefix Sum
3213	Hard	Construct String with Minimum Cost	Array,String,Dynamic Programming,Suffix Array
3214	Hard	Year on Year Growth Rate	Database
3215	Medium	Count Triplets with Even XOR Set Bits II	Bit Manipulation,Array
3216	Easy	Lexicographically Smallest String After a Swap	Greedy,String
3217	Medium	Delete Nodes From Linked List Present in Array	Array,Hash Table,Linked List
3218	Medium	Minimum Cost for Cutting Cake I	Greedy,Array,Two Pointers,Dynamic Programming,Sorting
3219	Hard	Minimum Cost for Cutting Cake II	Greedy,Array,Sorting
3220	Medium	Odd and Even Transactions	Database
3221	Medium	Maximum Array Hopping Score II	Stack,Greedy,Array,Monotonic Stack
3222	Easy	Find the Winning Player in Coin Game	Math,Game Theory,Simulation
3223	Medium	Minimum Length of String After Operations	Hash Table,String,Counting
3224	Medium	Minimum Array Changes to Make Differences Equal	Array,Hash Table,Prefix Sum
3225	Hard	Maximum Score From Grid Operations	Array,Dynamic Programming,Matrix,Prefix Sum
3226	Easy	Number of Bit Changes to Make Two Integers Equal	Bit Manipulation
3227	Medium	Vowels Game in a String	Brainteaser,Math,String,Game Theory
3228	Medium	Maximum Number of Operations to Move Ones to the End	Greedy,String,Counting
3229	Hard	Minimum Operations to Make Array Equal to Target	Stack,Greedy,Array,Dynamic Programming,Monotonic Stack
3230	Medium	Customer Purchasing Behavior Analysis	Database
3231	Hard	Minimum Number of Increasing Subsequence to Be Removed	Array,Binary Search
3232	Easy	Find if Digit Game Can Be Won	Array,Math
3233	Medium	Find the Count of Numbers Which Are Not Special	Array,Math,Number Theory
3234	Medium	Count the Number of Substrings With Dominant Ones	String,Enumeration
3235	Hard	Check if the Rectangle Corner Is Reachable	Depth-First Search,Breadth-First Search,Union Find,Geometry,Array,Math
3236	Hard	CEO Subordinate Hierarchy	Database
3237	Medium	Alt and Tab Simulation	Array,Hash Table,Simulation
3238	Easy	Find the Number of Winning Players	Array,Hash Table,Counting
3239	Medium	Minimum Number of Flips to Make Binary Grid Palindromic I	Array,Two Pointers,Matrix
3240	Medium	Minimum Number of Flips to Make Binary Grid Palindromic II	Array,Two Pointers,Matrix
3241	Hard	Time Taken to Mark All Nodes	Tree,Depth-First Search,Graph,Dynamic Programming
3242	Easy	Design Neighbor Sum Service	Design,Array,Hash Table,Matrix,Simulation
3243	Medium	Shortest Distance After Road Addition Queries I	Breadth-First Search,Graph,Array
3244	Hard	Shortest Distance After Road Addition Queries II	Greedy,Graph,Array,Ordered Set
3245	Hard	Alternating Groups III	Binary Indexed Tree,Array,Ordered Set
3246	Easy	Premier League Table Ranking	Database
3247	Medium	Number of Subsequences with Odd Sum	Array,Math,Dynamic Programming,Combinatorics
3248	Easy	Snake in Matrix	Array,String,Simulation
3249	Medium	Count the Number of Good Nodes	Tree,Depth-First Search
3250	Hard	Find the Count of Monotonic Pairs I	Array,Math,Dynamic Programming,Combinatorics,Prefix Sum
3251	Hard	Find the Count of Monotonic Pairs II	Array,Math,Dynamic Programming,Combinatorics,Prefix Sum
3252	Medium	Premier League Table Ranking II	Database
3253	Medium	Construct String with Minimum Cost (Easy)	
3254	Medium	Find the Power of K-Size Subarrays I	Array,Sliding Window
3255	Medium	Find the Power of K-Size Subarrays II	Array,Sliding Window
3256	Hard	Maximum Value Sum by Placing Three Rooks I	Array,Dynamic Programming,Enumeration,Matrix
3257	Hard	Maximum Value Sum by Placing Three Rooks II	Array,Dynamic Programming,Enumeration,Matrix
3258	Easy	Count Substrings That Satisfy K-Constraint I	String,Sliding Window
3259	Medium	Maximum Energy Boost From Two Drinks	Array,Dynamic Programming
3260	Hard	Find the Largest Palindrome Divisible by K	Greedy,Math,String,Dynamic Programming,Number Theory
3261	Hard	Count Substrings That Satisfy K-Constraint II	Array,String,Binary Search,Prefix Sum,Sliding Window
3262	Medium	Find Overlapping Shifts	Database
3263	Easy	Convert Doubly Linked List to Array I	Array,Linked List,Doubly-Linked List
3264	Easy	Final Array State After K Multiplication Operations I	Array,Math,Simulation,Heap (Priority Queue)
3265	Medium	Count Almost Equal Pairs I	Array,Hash Table,Counting,Enumeration,Sorting
3266	Hard	Final Array State After K Multiplication Operations II	Array,Simulation,Heap (Priority Queue)
3267	Hard	Count Almost Equal Pairs II	Array,Hash Table,Counting,Enumeration,Sorting
3268	Hard	Find Overlapping Shifts II	Database
3269	Hard	Constructing Two Increasing Arrays	Array,Dynamic Programming
3270	Easy	Find the Key of the Numbers	Math
3271	Medium	Hash Divided String	String,Simulation
3272	Hard	Find the Count of Good Integers	Hash Table,Math,Combinatorics,Enumeration
3273	Hard	Minimum Amount of Damage Dealt to Bob	Greedy,Array,Sorting
3274	Easy	Check if Two Chessboard Squares Have the Same Color	Math,String
3275	Medium	K-th Nearest Obstacle Queries	Array,Heap (Priority Queue)
3276	Hard	Select Cells in Grid With Maximum Score	Bit Manipulation,Array,Dynamic Programming,Bitmask,Matrix
3277	Hard	Maximum XOR Score Subarray Queries	Array,Dynamic Programming
3278	Medium	Find Candidates for Data Scientist Position II	Database
3279	Hard	Maximum Total Area Occupied by Pistons	Array,Hash Table,String,Counting,Prefix Sum,Simulation
3280	Easy	Convert Date to Binary	Math,String
3281	Medium	Maximize Score of Numbers in Ranges	Greedy,Array,Binary Search,Sorting
3282	Medium	Reach End of Array With Max Score	Greedy,Array
3283	Hard	Maximum Number of Moves to Kill All Pawns	Bit Manipulation,Breadth-First Search,Array,Math,Bitmask,Game Theory
3284	Medium	Sum of Consecutive Subarrays	Array,Two Pointers,Dynamic Programming
3285	Easy	Find Indices of Stable Mountains	Array
3286	Medium	Find a Safe Walk Through a Grid	Breadth-First Search,Graph,Array,Matrix,Shortest Path,Heap (Priority Queue)
3287	Hard	Find the Maximum Sequence Value of Array	Bit Manipulation,Array,Dynamic Programming
3288	Hard	Length of the Longest Increasing Path	Array,Binary Search,Sorting
3289	Easy	The Two Sneaky Numbers of Digitville	Array,Hash Table,Math
3290	Medium	Maximum Multiplication Score	Array,Dynamic Programming
3291	Medium	Minimum Number of Valid Strings to Form Target I	Greedy,Trie,Segment Tree,Array,String,Binary Search,Dynamic Programming,String Matching,Hash Function,Rolling Hash
3292	Hard	Minimum Number of Valid Strings to Form Target II	Greedy,Segment Tree,Array,String,Binary Search,Dynamic Programming,String Matching,Hash Function,Rolling Hash
3293	Medium	Calculate Product Final Price	Database
3294	Medium	Convert Doubly Linked List to Array II	Array,Linked List,Doubly-Linked List
3295	Medium	Report Spam Message	Array,Hash Table,String
3296	Medium	Minimum Number of Seconds to Make Mountain Height Zero	Greedy,Array,Math,Binary Search,Heap (Priority Queue)
3297	Medium	Count Substrings That Can Be Rearranged to Contain a String I	Hash Table,String,Sliding Window
3298	Hard	Count Substrings That Can Be Rearranged to Contain a String II	Hash Table,String,Sliding Window
3299	Hard	Sum of Consecutive Subsequences	Array,Hash Table,Dynamic Programming
3300	Easy	Minimum Element After Replacement With Digit Sum	Array,Math
3301	Medium	Maximize the Total Height of Unique Towers	Greedy,Array,Sorting
3302	Medium	Find the Lexicographically Smallest Valid Sequence	Greedy,Two Pointers,String,Dynamic Programming
3303	Hard	Find the Occurrence of First Almost Equal Substring	String,String Matching
3304	Easy	Find the K-th Character in String Game I	Bit Manipulation,Recursion,Math,Simulation
3305	Medium	Count of Substrings Containing Every Vowel and K Consonants I	Hash Table,String,Sliding Window
3306	Medium	Count of Substrings Containing Every Vowel and K Consonants II	Hash Table,String,Sliding Window
3307	Hard	Find the K-th Character in String Game II	Bit Manipulation,Recursion,Math
3308	Medium	Find Top Performing Driver	Database
3309	Medium	Maximum Possible Number by Binary Concatenation	Bit Manipulation,Array,Enumeration
3310	Medium	Remove Methods From Project	Depth-First Search,Breadth-First Search,Graph
3311	Hard	Construct 2D Grid Matching Graph Layout	Graph,Array,Hash Table,Matrix
3312	Hard	Sorted GCD Pair Queries	Array,Hash Table,Math,Binary Search,Combinatorics,Counting,Number Theory,Prefix Sum
3313	Hard	Find the Last Marked Nodes in Tree	Tree,Depth-First Search
3314	Easy	Construct the Minimum Bitwise Array I	Bit Manipulation,Array
3315	Medium	Construct the Minimum Bitwise Array II	Bit Manipulation,Array
3316	Medium	Find Maximum Removals From Source String	Array,Hash Table,Two Pointers,String,Dynamic Programming
3317	Hard	Find the Number of Possible Ways for an Event	Math,Dynamic Programming,Combinatorics
3318	Easy	Find X-Sum of All K-Long Subarrays I	Array,Hash Table,Sliding Window,Heap (Priority Queue)
3319	Medium	K-th Largest Perfect Subtree Size in Binary Tree	Tree,Depth-First Search,Binary Tree,Sorting
3320	Hard	Count The Number of Winning Sequences	String,Dynamic Programming
3321	Hard	Find X-Sum of All K-Long Subarrays II	Array,Hash Table,Sliding Window,Heap (Priority Queue)
3322	Medium	Premier League Table Ranking III	Database
3323	Medium	Minimize Connected Groups by Inserting Interval	Array,Binary Search,Sorting,Sliding Window
3324	Medium	Find the Sequence of Strings Appeared on the Screen	String,Simulation
3325	Medium	Count Substrings With K-Frequency Characters I	Hash Table,String,Sliding Window
3326	Medium	Minimum Division Operations to Make Array Non Decreasing	Greedy,Array,Math,Number Theory
3327	Hard	Check if DFS Strings Are Palindromes	Tree,Depth-First Search,Array,Hash Table,String,Hash Function
3328	Medium	Find Cities in Each State II	Database
3329	Hard	Count Substrings With K-Frequency Characters II	Hash Table,String,Sliding Window
3330	Easy	Find the Original Typed String I	String
3331	Medium	Find Subtree Sizes After Changes	Tree,Depth-First Search,Array,Hash Table,String
3332	Medium	Maximum Points Tourist Can Earn	Array,Dynamic Programming,Matrix
3333	Hard	Find the Original Typed String II	String,Dynamic Programming,Prefix Sum
3334	Medium	Find the Maximum Factor Score of Array	Array,Math,Number Theory
3335	Medium	Total Characters in String After Transformations I	Hash Table,Math,String,Dynamic Programming,Counting
3336	Hard	Find the Number of Subsequences With Equal GCD	Array,Math,Dynamic Programming,Number Theory
3337	Hard	Total Characters in String After Transformations II	Hash Table,Math,String,Dynamic Programming,Counting
3338	Medium	Second Highest Salary II	Database
3339	Medium	Find the Number of K-Even Arrays	Dynamic Programming
3340	Easy	Check Balanced String	String
3341	Medium	Find Minimum Time to Reach Last Room I	Graph,Array,Matrix,Shortest Path,Heap (Priority Queue)
3342	Medium	Find Minimum Time to Reach Last Room II	Graph,Array,Matrix,Shortest Path,Heap (Priority Queue)
3343	Hard	Count Number of Balanced Permutations	Math,String,Dynamic Programming,Combinatorics
3344	Medium	Maximum Sized Array	Bit Manipulation,Binary Search
3345	Easy	Smallest Divisible Digit Product I	Math,Enumeration
3346	Medium	Maximum Frequency of an Element After Performing Operations I	Array,Binary Search,Prefix Sum,Sorting,Sliding Window
3347	Hard	Maximum Frequency of an Element After Performing Operations II	Array,Binary Search,Prefix Sum,Sorting,Sliding Window
3348	Hard	Smallest Divisible Digit Product II	Greedy,Math,String,Backtracking,Number Theory
3349	Easy	Adjacent Increasing Subarrays Detection I	Array
3350	Medium	Adjacent Increasing Subarrays Detection II	Array,Binary Search
3351	Hard	Sum of Good Subsequences	Array,Hash Table,Dynamic Programming
3352	Hard	Count K-Reducible Numbers Less Than N	Math,String,Dynamic Programming,Combinatorics
3353	Easy	Minimum Total Operations	Array
3354	Easy	Make Array Elements Equal to Zero	Array,Prefix Sum,Simulation
3355	Medium	Zero Array Transformation I	Array,Prefix Sum
3356	Medium	Zero Array Transformation II	Array,Two Pointers,Binary Search,Prefix Sum
3357	Hard	Minimize the Maximum Adjacent Element Difference	Greedy,Array,Binary Search
3358	Easy	Books with NULL Ratings	Database
3359	Hard	Find Sorted Submatrices With Maximum Element at Most K	Stack,Array,Matrix,Monotonic Stack
3360	Easy	Stone Removal Game	Math,Simulation
3361	Medium	Shift Distance Between Two Strings	Array,String,Prefix Sum
3362	Medium	Zero Array Transformation III	Greedy,Array,Two Pointers,Prefix Sum,Sorting,Heap (Priority Queue)
3363	Hard	Find the Maximum Number of Fruits Collected	Array,Dynamic Programming,Matrix
3364	Easy	Minimum Positive Sum Subarray	Array,Prefix Sum,Sliding Window
3365	Medium	Rearrange K Substrings to Form Target String	Hash Table,String,Sorting
3366	Medium	Minimum Array Sum	Array,Dynamic Programming
3367	Hard	Maximize Sum of Weights after Edge Removals	Tree,Depth-First Search,Dynamic Programming,Sorting
3368	Hard	First Letter Capitalization	Database
3369	Hard	Design an Array Statistics Tracker	Design,Queue,Hash Table,Binary Search,Data Stream,Ordered Set,Heap (Priority Queue)
3370	Easy	Smallest Number With All Set Bits	Bit Manipulation,Math
3371	Medium	Identify the Largest Outlier in an Array	Array,Hash Table,Counting,Enumeration
3372	Medium	Maximize the Number of Target Nodes After Connecting Trees I	Tree,Depth-First Search,Breadth-First Search
3373	Hard	Maximize the Number of Target Nodes After Connecting Trees II	Tree,Depth-First Search,Breadth-First Search
3374	Hard	First Letter Capitalization II	Database
3375	Easy	Minimum Operations to Make Array Values Equal to K	Array,Hash Table
3376	Medium	Minimum Time to Break Locks I	Bit Manipulation,Breadth-First Search,Array,Dynamic Programming,Backtracking,Bitmask
3377	Medium	Digit Operations to Make Two Integers Equal	Graph,Math,Number Theory,Shortest Path,Heap (Priority Queue)
3378	Hard	Count Connected Components in LCM Graph	Union Find,Array,Hash Table,Math,Number Theory
3379	Easy	Transformed Array	Array,Simulation
3380	Medium	Maximum Area Rectangle With Point Constraints I	Binary Indexed Tree,Segment Tree,Geometry,Array,Math,Enumeration,Sorting
3381	Medium	Maximum Subarray Sum With Length Divisible by K	Array,Hash Table,Prefix Sum
3382	Hard	Maximum Area Rectangle With Point Constraints II	Binary Indexed Tree,Segment Tree,Geometry,Array,Math,Sorting
3383	Hard	Minimum Runes to Add to Cast Spell	Depth-First Search,Breadth-First Search,Graph,Topological Sort,Array
3384	Hard	Team Dominance by Pass Success	Database
3385	Hard	Minimum Time to Break Locks II	Breadth-First Search,Graph,Array
3386	Easy	Button with Longest Push Time	Array
3387	Medium	Maximize Amount After Two Days of Conversions	Depth-First Search,Breadth-First Search,Graph,Array,String
3388	Medium	Count Beautiful Splits in an Array	Array,Dynamic Programming
3389	Hard	Minimum Operations to Make Character Frequencies Equal	Hash Table,String,Dynamic Programming,Counting,Enumeration
3390	Hard	Longest Team Pass Streak	Database
3391	Medium	Design a 3D Binary Matrix with Efficient Layer Tracking	Design,Array,Hash Table,Matrix,Ordered Set,Heap (Priority Queue)
3392	Easy	Count Subarrays of Length Three With a Condition	Array
3393	Medium	Count Paths With the Given XOR Value	Bit Manipulation,Array,Dynamic Programming,Matrix
3394	Medium	Check if Grid can be Cut into Sections	Array,Sorting
3395	Hard	Subsequences with a Unique Middle Mode I	Array,Hash Table,Math,Combinatorics
3396	Easy	Minimum Number of Operations to Make Elements in Array Distinct	Array,Hash Table
3397	Medium	Maximum Number of Distinct Elements After Operations	Greedy,Array,Sorting
3398	Hard	Smallest Substring With Identical Characters I	Array,Binary Search,Enumeration
3399	Hard	Smallest Substring With Identical Characters II	String,Binary Search
3400	Medium	Maximum Number of Matching Indices After Right Shifts	Array,Two Pointers,Simulation
3401	Hard	Find Circular Gift Exchange Chains	Database
3402	Easy	Minimum Operations to Make Columns Strictly Increasing	Greedy,Array,Matrix
3403	Medium	Find the Lexicographically Largest String From the Box I	Two Pointers,String,Enumeration
3404	Medium	Count Special Subsequences	Array,Hash Table,Math,Enumeration
3405	Hard	Count the Number of Arrays with K Matching Adjacent Elements	Math,Combinatorics
3406	Hard	Find the Lexicographically Largest String From the Box II	Two Pointers,String
3407	Easy	Substring Matching Pattern	String,String Matching
3408	Medium	Design Task Manager	Design,Hash Table,Ordered Set,Heap (Priority Queue)
3409	Medium	Longest Subsequence With Decreasing Adjacent Difference	Array,Dynamic Programming
3410	Hard	Maximize Subarray Sum After Removing All Occurrences of One Element	Segment Tree,Array,Hash Table,Divide and Conquer,Dynamic Programming,Prefix Sum
3411	Easy	Maximum Subarray With Equal Products	Array,Math,Enumeration,Number Theory,Sliding Window
3412	Medium	Find Mirror Score of a String	Stack,Hash Table,String,Simulation
3413	Medium	Maximum Coins From K Consecutive Bags	Greedy,Array,Binary Search,Prefix Sum,Sorting,Sliding Window
3414	Hard	Maximum Score of Non-overlapping Intervals	Array,Binary Search,Dynamic Programming,Sorting
3415	Easy	Find Products with Three Consecutive Digits	Database
3416	Hard	Subsequences with a Unique Middle Mode II	Array,Hash Table,Math,Combinatorics
3417	Easy	Zigzag Grid Traversal With Skip	Array,Matrix,Simulation
3418	Medium	Maximum Amount of Money Robot Can Earn	Array,Dynamic Programming,Matrix
3419	Medium	Minimize the Maximum Edge Weight of Graph	Depth-First Search,Breadth-First Search,Graph,Binary Search,Shortest Path
3420	Hard	Count Non-Decreasing Subarrays After K Operations	Stack,Segment Tree,Queue,Array,Sliding Window,Monotonic Queue,Monotonic Stack
3421	Medium	Find Students Who Improved	Database
3422	Medium	Minimum Operations to Make Subarray Elements Equal	Array,Hash Table,Math,Sliding Window,Heap (Priority Queue)
3423	Easy	Maximum Difference Between Adjacent Elements in a Circular Array	Array
3424	Medium	Minimum Cost to Make Arrays Identical	Greedy,Array,Sorting
3425	Hard	Longest Special Path	Tree,Depth-First Search,Array,Hash Table,Prefix Sum
3426	Hard	Manhattan Distances of All Arrangements of Pieces	Math,Combinatorics
3427	Easy	Sum of Variable Length Subarrays	Array,Prefix Sum
3428	Medium	Maximum and Minimum Sums of at Most Size K Subsequences	Array,Math,Dynamic Programming,Combinatorics,Sorting
3429	Medium	Paint House IV	Array,Dynamic Programming
3430	Hard	Maximum and Minimum Sums of at Most Size K Subarrays	Stack,Array,Math,Monotonic Stack
3431	Medium	Minimum Unlocked Indices to Sort Nums	Array,Hash Table
3432	Easy	Count Partitions with Even Sum Difference	Array,Math,Prefix Sum
3433	Medium	Count Mentions Per User	Array,Math,Sorting,Simulation
3434	Medium	Maximum Frequency After Subarray Operation	Greedy,Array,Hash Table,Dynamic Programming,Enumeration,Prefix Sum
3435	Hard	Frequencies of Shortest Supersequences	Bit Manipulation,Graph,Topological Sort,Array,String,Enumeration
3436	Easy	Find Valid Emails	Database
3437	Medium	Permutations III	Array,Backtracking
3438	Easy	Find Valid Pair of Adjacent Digits in String	Hash Table,String,Counting
3439	Medium	Reschedule Meetings for Maximum Free Time I	Greedy,Array,Sliding Window
3440	Medium	Reschedule Meetings for Maximum Free Time II	Greedy,Array,Enumeration
3441	Hard	Minimum Cost Good Caption	String,Dynamic Programming
3442	Easy	Maximum Difference Between Even and Odd Frequency I	Hash Table,String,Counting
3443	Medium	Maximum Manhattan Distance After K Changes	Hash Table,Math,String,Counting
3444	Hard	Minimum Increments for Target Multiples in an Array	Bit Manipulation,Array,Math,Dynamic Programming,Bitmask,Number Theory
3445	Hard	Maximum Difference Between Even and Odd Frequency II	String,Enumeration,Prefix Sum,Sliding Window
3446	Medium	Sort Matrix by Diagonals	Array,Matrix,Sorting
3447	Medium	Assign Elements to Groups with Constraints	Array,Hash Table
3448	Hard	Count Substrings Divisible By Last Digit	String,Dynamic Programming
3449	Hard	Maximize the Minimum Game Score	Greedy,Array,Binary Search
3450	Easy	Maximum Students on a Single Bench	Array,Hash Table
3451	Hard	Find Invalid IP Addresses	Database
3452	Easy	Sum of Good Numbers	Array
3453	Medium	Separate Squares I	Array,Binary Search
3454	Hard	Separate Squares II	Segment Tree,Array,Binary Search,Sweep Line
3455	Hard	Shortest Matching Substring	Two Pointers,String,Binary Search,String Matching
3456	Easy	Find Special Substring of Length K	String
3457	Medium	Eat Pizzas!	Greedy,Array,Sorting
3458	Medium	Select K Disjoint Special Substrings	Greedy,Hash Table,String,Dynamic Programming,Sorting
3459	Hard	Length of Longest V-Shaped Diagonal Segment	Memoization,Array,Dynamic Programming,Matrix
3460	Medium	Longest Common Prefix After at Most One Removal	Two Pointers,String
3461	Easy	Check If Digits Are Equal in String After Operations I	Math,String,Combinatorics,Number Theory,Simulation
3462	Medium	Maximum Sum With at Most K Elements	Greedy,Array,Matrix,Sorting,Heap (Priority Queue)
3463	Hard	Check If Digits Are Equal in String After Operations II	Math,String,Combinatorics,Number Theory
3464	Hard	Maximize the Distance Between Points on a Square	Geometry,Array,Math,Binary Search,Sorting
3465	Easy	Find Products with Valid Serial Numbers	Database
3466	Medium	Maximum Coin Collection	Array,Dynamic Programming
3467	Easy	Transform Array by Parity	Array,Counting,Sorting
3468	Medium	Find the Number of Copy Arrays	Array,Math
3469	Medium	Find Minimum Cost to Remove Array Elements	
3470	Hard	Permutations IV	Array,Math,Combinatorics,Enumeration
3471	Easy	Find the Largest Almost Missing Integer	Array,Hash Table
3472	Medium	Longest Palindromic Subsequence After at Most K Operations	String,Dynamic Programming
3473	Medium	Sum of K Subarrays With Length at Least M	Array,Dynamic Programming,Prefix Sum
3474	Hard	Lexicographically Smallest Generated String	Greedy,String,String Matching
3475	Medium	DNA Pattern Recognition	
3476	Medium	Maximize Profit from Task Assignment	Greedy,Array,Sorting,Heap (Priority Queue)
3477	Easy	Fruits Into Baskets II	Segment Tree,Array,Binary Search,Ordered Set,Simulation
3478	Medium	Choose K Elements With Maximum Sum	Array,Sorting,Heap (Priority Queue)
3479	Medium	Fruits Into Baskets III	Segment Tree,Array,Binary Search,Ordered Set
3480	Hard	Maximize Subarrays After Removing One Conflicting Pair	Segment Tree,Array,Enumeration,Prefix Sum
3481	Medium	Apply Substitutions	Depth-First Search,Breadth-First Search,Graph,Topological Sort,Array,Hash Table,String
3482	Hard	Analyze Organization Hierarchy	Database
3483	Easy	Unique 3-Digit Even Numbers	Recursion,Array,Hash Table,Enumeration
3484	Medium	Design Spreadsheet	Design,Array,Hash Table,String,Matrix
3485	Hard	Longest Common Prefix of K Strings After Removal	Trie,Array,String
3486	Hard	Longest Special Path II	Tree,Depth-First Search,Array,Hash Table,Prefix Sum
3487	Easy	Maximum Unique Subarray Sum After Deletion	Greedy,Array,Hash Table
3488	Medium	Closest Equal Element Queries	Array,Hash Table,Binary Search
3489	Medium	Zero Array Transformation IV	Array,Dynamic Programming
3490	Hard	Count Beautiful Numbers	Dynamic Programming
3491	Easy	Phone Number Prefix	Trie,Array,String,Sorting
3492	Easy	Maximum Containers on a Ship	Math
3493	Medium	Properties Graph	Depth-First Search,Breadth-First Search,Union Find,Graph,Array,Hash Table
3494	Medium	Find the Minimum Amount of Time to Brew Potions	Array,Prefix Sum,Simulation
3495	Hard	Minimum Operations to Make Array Elements Zero	Bit Manipulation,Array,Math
3496	Medium	Maximize Score After Pair Deletions	Greedy,Array
3497	Medium	Analyze Subscription Conversion	Database
3498	Easy	Reverse Degree of a String	String,Simulation
3499	Medium	Maximize Active Section with Trade I	String,Enumeration
3500	Hard	Minimum Cost to Divide Array Into Subarrays	Array,Dynamic Programming,Prefix Sum
3501	Hard	Maximize Active Section with Trade II	Segment Tree,Array,String,Binary Search
3502	Easy	Minimum Cost to Reach Every Position	Array
3503	Medium	Longest Palindrome After Substring Concatenation I	Two Pointers,String,Dynamic Programming,Enumeration
3504	Hard	Longest Palindrome After Substring Concatenation II	Two Pointers,String,Dynamic Programming
3505	Hard	Minimum Operations to Make Elements Within K Subarrays Equal	Array,Hash Table,Math,Dynamic Programming,Sliding Window,Heap (Priority Queue)
3506	Hard	Find Time Required to Eliminate Bacterial Strains	Greedy,Array,Math,Heap (Priority Queue)
3507	Easy	Minimum Pair Removal to Sort Array I	Array,Hash Table,Linked List,Doubly-Linked List,Ordered Set,Simulation,Heap (Priority Queue)
3508	Medium	Implement Router	Design,Queue,Array,Hash Table,Binary Search,Ordered Set
3509	Hard	Maximum Product of Subsequences With an Alternating Sum Equal to K	Array,Hash Table,Dynamic Programming
3510	Hard	Minimum Pair Removal to Sort Array II	Array,Hash Table,Linked List,Doubly-Linked List,Ordered Set,Simulation,Heap (Priority Queue)
3511	Medium	Make a Positive Array	Greedy,Array,Prefix Sum
3512	Easy	Minimum Operations to Make Array Sum Divisible by K	Array,Math
3513	Medium	Number of Unique XOR Triplets I	Bit Manipulation,Array,Math
3514	Medium	Number of Unique XOR Triplets II	Bit Manipulation,Array,Math,Enumeration
3515	Hard	Shortest Path in a Weighted Tree	Tree,Depth-First Search,Binary Indexed Tree,Segment Tree,Array
3516	Easy	Find Closest Person	Math
3517	Medium	Smallest Palindromic Rearrangement I	String,Counting Sort,Sorting
3518	Hard	Smallest Palindromic Rearrangement II	Hash Table,Math,String,Combinatorics,Counting
3519	Hard	Count Numbers with Non-Decreasing Digits	Math,String,Dynamic Programming
3520	Medium	Minimum Threshold for Inversion Pairs Count	Binary Indexed Tree,Segment Tree,Array,Binary Search,Divide and Conquer,Merge Sort
3521	Medium	Find Product Recommendation Pairs	Database
3522	Medium	Calculate Score After Performing Instructions	Array,Hash Table,String,Simulation
3523	Medium	Make Array Non-decreasing	Stack,Greedy,Array,Monotonic Stack
3524	Medium	Find X Value of Array I	Array,Math,Dynamic Programming
3525	Hard	Find X Value of Array II	Segment Tree,Array,Math
3526	Hard	Range XOR Queries with Subarray Reversals	Tree,Binary Search Tree,Array,Binary Tree
3527	Medium	Find the Most Common Response	Array,Hash Table,String,Counting
3528	Medium	Unit Conversion I	Depth-First Search,Breadth-First Search,Graph
3529	Medium	Count Cells in Overlapping Horizontal and Vertical Substrings	Array,String,Matrix,String Matching,Hash Function,Rolling Hash
3530	Hard	Maximum Profit from Valid Topological Order in DAG	Bit Manipulation,Graph,Topological Sort,Array,Dynamic Programming,Bitmask
3531	Medium	Count Covered Buildings	Array,Hash Table,Sorting
3532	Medium	Path Existence Queries in a Graph I	Union Find,Graph,Array,Hash Table,Binary Search
3533	Hard	Concatenated Divisibility	Bit Manipulation,Array,Dynamic Programming,Bitmask
3534	Hard	Path Existence Queries in a Graph II	Greedy,Bit Manipulation,Graph,Array,Two Pointers,Binary Search,Dynamic Programming,Sorting
3535	Medium	Unit Conversion II	Depth-First Search,Breadth-First Search,Graph,Array,Math
3536	Easy	Maximum Product of Two Digits	Math,Sorting
3537	Medium	Fill a Special Grid	Array,Divide and Conquer,Matrix
3538	Hard	Merge Operations for Minimum Travel Time	Array,Dynamic Programming,Prefix Sum
3539	Hard	Find Sum of Array Product of Magical Sequences	Bit Manipulation,Array,Math,Dynamic Programming,Bitmask,Combinatorics
3540	Medium	Minimum Time to Visit All Houses	Array,Prefix Sum
3541	Easy	Find Most Frequent Vowel and Consonant	Hash Table,String,Counting
3542	Medium	Minimum Operations to Convert All Elements to Zero	Stack,Greedy,Array,Hash Table,Monotonic Stack
3543	Medium	Maximum Weighted K-Edge Path	Graph,Hash Table,Dynamic Programming
3544	Hard	Subtree Inversion Sum	Tree,Depth-First Search,Array,Dynamic Programming
3545	Easy	Minimum Deletions for At Most K Distinct Characters	Greedy,Hash Table,String,Counting,Sorting
3546	Medium	Equal Sum Grid Partition I	Array,Enumeration,Matrix,Prefix Sum
3547	Hard	Maximum Sum of Edge Values in a Graph	Greedy,Graph,Math
3548	Hard	Equal Sum Grid Partition II	Array,Hash Table,Enumeration,Matrix,Prefix Sum
3549	Hard	Multiply Two Polynomials	Array,Math
3550	Easy	Smallest Index With Digit Sum Equal to Index	Array,Math
3551	Medium	Minimum Swaps to Sort by Digit Sum	Array,Hash Table,Sorting
3552	Medium	Grid Teleportation Traversal	Breadth-First Search,Array,Hash Table,Matrix
3553	Hard	Minimum Weighted Subgraph With the Required Paths II	Bit Manipulation,Tree,Depth-First Search,Array,Dynamic Programming
3554	Hard	Find Category Recommendation Pairs	Database
3555	Medium	Smallest Subarray to Sort in Every Sliding Window	Stack,Greedy,Array,Two Pointers,Sorting,Monotonic Stack
3556	Medium	Sum of Largest Prime Substrings	Hash Table,Math,String,Number Theory,Sorting
3557	Medium	Find Maximum Number of Non Intersecting Substrings	Greedy,Hash Table,String,Dynamic Programming
3558	Medium	Number of Ways to Assign Edge Weights I	Tree,Depth-First Search,Math
3559	Hard	Number of Ways to Assign Edge Weights II	Bit Manipulation,Tree,Depth-First Search,Array,Math,Dynamic Programming
3560	Easy	Find Minimum Log Transportation Cost	Math
3561	Medium	Resulting String After Adjacent Removals	Stack,String,Simulation
3562	Hard	Maximum Profit from Trading Stocks with Discounts	Tree,Depth-First Search,Array,Dynamic Programming
3563	Hard	Lexicographically Smallest String After Adjacent Removals	String,Dynamic Programming
3564	Medium	Seasonal Sales Analysis	Database
3565	Medium	Sequential Grid Path Cover	Recursion,Array,Matrix
3566	Medium	Partition Array into Two Equal Product Subsets	Bit Manipulation,Recursion,Array,Enumeration
3567	Medium	Minimum Absolute Difference in Sliding Submatrix	Array,Matrix,Sorting
3568	Medium	Minimum Moves to Clean the Classroom	Bit Manipulation,Breadth-First Search,Array,Hash Table,Matrix
3569	Hard	Maximize Count of Distinct Primes After Split	Segment Tree,Array,Hash Table,Math,Number Theory,Ordered Set
3570	Easy	Find Books with No Available Copies	Database
3571	Easy	Find the Shortest Superstring II	String
3572	Medium	Maximize Y‑Sum by Picking a Triplet of Distinct X‑Values	Greedy,Array,Hash Table,Sorting,Heap (Priority Queue)
3573	Medium	Best Time to Buy and Sell Stock V	Array,Dynamic Programming
3574	Hard	Maximize Subarray GCD Score	Array,Math,Enumeration,Number Theory
3575	Hard	Maximum Good Subtree Score	Bit Manipulation,Tree,Depth-First Search,Array,Dynamic Programming,Bitmask
3576	Medium	Transform Array to All Equal Elements	Greedy,Array
3577	Medium	Count the Number of Computer Unlocking Permutations	Brainteaser,Array,Math,Combinatorics
3578	Medium	Count Partitions With Max-Min Difference at Most K	Queue,Array,Dynamic Programming,Prefix Sum,Sliding Window,Monotonic Queue
3579	Hard	Minimum Steps to Convert String with Operations	String,Dynamic Programming
3580	Medium	Find Consistently Improving Employees	Database
3581	Easy	Count Odd Letters from Number	Hash Table,String,Counting,Simulation
3582	Easy	Generate Tag for Video Caption	String,Simulation
3583	Medium	Count Special Triplets	Array,Hash Table,Counting
3584	Medium	Maximum Product of First and Last Elements of a Subsequence	Array,Two Pointers
3585	Hard	Find Weighted Median Node in Tree	Bit Manipulation,Tree,Depth-First Search,Array,Binary Search,Dynamic Programming
3586	Medium	Find COVID Recovery Patients	Database
3587	Medium	Minimum Adjacent Swaps to Alternate Parity	Greedy,Array
3588	Medium	Find Maximum Area of a Triangle	Greedy,Geometry,Array,Hash Table,Math,Enumeration
3589	Medium	Count Prime-Gap Balanced Subarrays	Queue,Array,Math,Number Theory,Sliding Window,Monotonic Queue
3590	Hard	Kth Smallest Path XOR Sum	Tree,Depth-First Search,Array,Ordered Set
3591	Easy	Check if Any Element Has Prime Frequency	Array,Hash Table,Math,Counting,Number Theory
3592	Medium	Inverse Coin Change	Array,Dynamic Programming
3593	Medium	Minimum Increments to Equalize Leaf Paths	Tree,Depth-First Search,Array,Dynamic Programming
3594	Hard	Minimum Time to Transport All Individuals	Bit Manipulation,Graph,Array,Bitmask,Shortest Path,Heap (Priority Queue)
3595	Medium	Once Twice	Bit Manipulation,Array
3596	Medium	Minimum Cost Path with Alternating Directions I	Brainteaser,Math
3597	Medium	Partition String	Trie,Hash Table,String,Simulation
3598	Medium	Longest Common Prefix Between Adjacent Strings After Removals	Array,String
3599	Medium	Partition Array to Minimize XOR	Bit Manipulation,Array,Dynamic Programming,Prefix Sum
3600	Hard	Maximize Spanning Tree Stability with Upgrades	Greedy,Union Find,Graph,Binary Search,Minimum Spanning Tree
3601	Medium	Find Drivers with Improved Fuel Efficiency	Database
3602	Easy	Hexadecimal and Hexatrigesimal Conversion	Math,String
3603	Medium	Minimum Cost Path with Alternating Directions II	Array,Dynamic Programming,Matrix
3604	Medium	Minimum Time to Reach Destination in Directed Graph	Graph,Shortest Path,Heap (Priority Queue)
3605	Hard	Minimum Stability Factor of Array	Greedy,Segment Tree,Array,Math,Binary Search,Number Theory
3606	Easy	Coupon Code Validator	Array,Hash Table,String,Sorting
3607	Medium	Power Grid Maintenance	Depth-First Search,Breadth-First Search,Union Find,Graph,Array,Hash Table,Ordered Set,Heap (Priority Queue)
3608	Medium	Minimum Time for K Connected Components	Union Find,Graph,Binary Search,Sorting
3609	Hard	Minimum Moves to Reach Target in Grid	Math
3610	Medium	Minimum Number of Primes to Sum to Target	Array,Math,Dynamic Programming,Number Theory
3611	Medium	Find Overbooked Employees	Database
3612	Medium	Process String with Special Operations I	String,Simulation
3613	Medium	Minimize Maximum Component Cost	Union Find,Graph,Binary Search,Sorting
3614	Hard	Process String with Special Operations II	String,Simulation
3615	Hard	Longest Palindromic Path in Graph	Bit Manipulation,Graph,String,Dynamic Programming,Bitmask
3616	Medium	Number of Student Replacements	Array,Simulation
3617	Hard	Find Students with Study Spiral Pattern	
3618	Medium	Split Array by Prime Indices	Array,Math,Number Theory
3619	Medium	Count Islands With Total Value Divisible by K	Depth-First Search,Breadth-First Search,Union Find,Array,Matrix
3620	Hard	Network Recovery Pathways	Graph,Topological Sort,Array,Binary Search,Dynamic Programming,Shortest Path,Heap (Priority Queue)
3621	Hard	Number of Integers With Popcount-Depth Equal to K I	Bit Manipulation,Math,Dynamic Programming,Combinatorics
3622	Easy	Check Divisibility by Digit Sum and Product	Math
3623	Medium	Count Number of Trapezoids I	Geometry,Array,Hash Table,Math
3624	Hard	Number of Integers With Popcount-Depth Equal to K II	Binary Indexed Tree,Segment Tree,Array,Divide and Conquer
3625	Hard	Count Number of Trapezoids II	Geometry,Array,Hash Table,Math
3626	Medium	Find Stores with Inventory Imbalance	
3627	Medium	Maximum Median Sum of Subsequences of Size 3	
3628	Medium	Maximum Number of Subsequences After One Inserting	Greedy,String,Dynamic Programming,Prefix Sum
3629	Medium	Minimum Jumps to Reach End via Prime Teleportation	Breadth-First Search,Array,Hash Table,Math,Number Theory
3630	Hard	Partition Array for Maximum XOR and AND	Greedy,Bit Manipulation,Array,Math,Enumeration
3631	Medium	Sort Threats by Severity and Exploitability	Array,Sorting
3632	Hard	Subarrays with XOR at Least K	Bit Manipulation,Trie,Array,Prefix Sum
3633	Easy	Earliest Finish Time for Land and Water Rides I	Greedy,Array,Two Pointers,Binary Search,Sorting
3634	Medium	Minimum Removals to Balance Array	Array,Binary Search,Sorting,Sliding Window
3635	Medium	Earliest Finish Time for Land and Water Rides II	Greedy,Array,Two Pointers,Binary Search,Sorting
3636	Hard	Threshold Majority Queries	Array,Hash Table,Binary Search,Divide and Conquer,Counting,Prefix Sum
3637	Easy	Trionic Array I	Array
3638	Medium	Maximum Balanced Shipments	Stack,Greedy,Array,Dynamic Programming,Monotonic Stack
3639	Medium	Minimum Time to Activate String	Array,Binary Search
3640	Hard	Trionic Array II	Array,Dynamic Programming
3641	Medium	Longest Semi-Repeating Subarray	Array,Hash Table,Sliding Window
3642	Medium	Find Books with Polarized Opinions	
3643	Easy	Flip Square Submatrix Vertically	Array,Two Pointers,Matrix
3644	Medium	Maximum K to Sort a Permutation	Bit Manipulation,Array
3645	Medium	Maximum Total from Optimal Activation Order	Greedy,Array,Two Pointers,Sorting,Heap (Priority Queue)
3646	Hard	Next Special Palindrome Number	Bit Manipulation,Backtracking
3647	Medium	Maximum Weight in Two Bags	Array,Dynamic Programming
3648	Medium	Minimum Sensors to Cover Grid	Math
3649	Medium	Number of Perfect Pairs	
3650	Medium	Minimum Cost Path with Edge Reversals	Graph,Shortest Path,Heap (Priority Queue)
3651	Hard	Minimum Cost Path with Teleportations	Array,Dynamic Programming,Matrix
3652	Medium	Best Time to Buy and Sell Stock using Strategy	Array,Prefix Sum,Sliding Window
3653	Medium	XOR After Range Multiplication Queries I	Array,Divide and Conquer,Prefix Sum,Simulation
3654	Medium	Minimum Sum After Divisible Sum Deletions	Array,Hash Table,Dynamic Programming,Prefix Sum
3655	Hard	XOR After Range Multiplication Queries II	Array,Divide and Conquer,Prefix Sum
3656	Medium	Determine if a Simple Graph Exists	Graph,Array,Binary Search,Prefix Sum,Sorting
3657	Medium	Find Loyal Customers	
3658	Easy	GCD of Odd and Even Sums	Math,Number Theory
3659	Medium	Partition Array Into K-Distinct Groups	Array,Hash Table,Counting
3660	Medium	Jump Game IX	Array,Dynamic Programming
3661	Hard	Maximum Walls Destroyed by Robots	Array,Binary Search,Dynamic Programming,Sorting
3662	Easy	Filter Characters by Frequency	Hash Table,String,Counting
3663	Easy	Find The Least Frequent Digit	Array,Hash Table,Math,Counting
3664	Medium	Two-Letter Card Game	Array,Hash Table,String,Counting,Enumeration
3665	Medium	Twisted Mirror Path Count	Array,Dynamic Programming,Matrix
3666	Hard	Minimum Operations to Equalize Binary String	Breadth-First Search,Union Find,Math,String,Ordered Set
3667	Easy	Sort Array By Absolute Value	Array,Math,Two Pointers,Sorting
3668	Easy	Restore Finishing Order	Array,Hash Table
3669	Medium	Balanced K-Factor Decomposition	Math,Backtracking,Number Theory
3670	Medium	Maximum Product of Two Integers With No Common Bits	Bit Manipulation,Array,Dynamic Programming
3671	Hard	Sum of Beautiful Subsequences	Binary Indexed Tree,Array,Math,Number Theory
3672	Medium	Sum of Weighted Modes in Subarrays	Array,Hash Table,Counting,Ordered Set,Sliding Window
3673	Hard	Find Zombie Sessions	
3674	Easy	Minimum Operations to Equalize Array	Bit Manipulation,Brainteaser,Array
3675	Medium	Minimum Operations to Transform String	Greedy,String
3676	Medium	Count Bowl Subarrays	Stack,Array,Monotonic Stack
3677	Hard	Count Binary Palindromic Numbers	Bit Manipulation,Math
3678	Easy	Smallest Absent Positive Greater Than Average	Array,Hash Table
3679	Medium	Minimum Discards to Balance Inventory	Array,Hash Table,Counting,Sliding Window,Simulation
3680	Medium	Generate Schedule	Greedy,Array,Math
3681	Hard	Maximum XOR of Subsequences	Greedy,Bit Manipulation,Array,Math
3682	Medium	Minimum Index Sum of Common Elements	Array,Hash Table
3683	Easy	Earliest Time to Finish One Task	
3684	Easy	Maximize Sum of At Most K Distinct Elements	Greedy,Array,Hash Table,Sorting
3685	Medium	Subsequence Sum After Capping Elements	Array,Two Pointers,Dynamic Programming,Sorting
3686	Hard	Number of Stable Subsequences	Array,Dynamic Programming
3687	Easy	Library Late Fee Calculator	Array,Simulation
3688	Easy	Bitwise OR of Even Numbers in an Array	Bit Manipulation,Array,Simulation
3689	Medium	Maximum Total Subarray Value I	Greedy,Array
3690	Medium	Split and Merge Array Transformation	
3691	Hard	Maximum Total Subarray Value II	Greedy,Segment Tree,Array,Heap (Priority Queue)
3692	Easy	Majority Frequency Characters	
3693	Medium	Climbing Stairs II	
3694	Medium	Distinct Points Reachable After Substring Removal	Hash Table,String,Prefix Sum,Sliding Window
3695	Hard	Maximize Alternating Sum Using Swaps	Greedy,Union Find,Array,Sorting
3696	Easy	Maximum Distance Between Unequal Words in Array I	Array,String
3697	Easy	Compute Decimal Representation	Array,Math
3698	Medium	Split Array With Minimum Difference	Array,Prefix Sum
3699	Hard	Number of ZigZag Arrays I	
3700	Hard	Number of ZigZag Arrays II	
3701	Easy	Compute Alternating Sum	Array,Simulation
3702	Medium	Longest Subsequence With Non-Zero Bitwise XOR	Bit Manipulation,Array
3703	Medium	Remove K-Balanced Substrings	Stack,String,Simulation
3704	Hard	Count No-Zero Pairs That Sum to N	Math,Dynamic Programming
3705	Medium	Find Golden Hour Customers	
3706	Medium	Maximum Distance Between Unequal Words in Array II	Array,String
3707	Easy	Equal Score Substrings	String,Prefix Sum
3708	Medium	Longest Fibonacci Subarray	Array
3709	Medium	Design Exam Scores Tracker	Design,Array,Binary Search,Prefix Sum
3710	Hard	Maximum Partition Factor	Depth-First Search,Breadth-First Search,Union Find,Graph,Array,Binary Search
3711	Medium	Maximum Transactions Without Negative Balance	Greedy,Array,Heap (Priority Queue)
3712	Easy	Sum of Elements With Frequency Divisible by K	Array,Hash Table,Counting
3713	Medium	Longest Balanced Substring I	Hash Table,String,Counting,Enumeration
3714	Medium	Longest Balanced Substring II	Hash Table,String,Prefix Sum
3715	Hard	Sum of Perfect Square Ancestors	Tree,Depth-First Search,Array,Hash Table,Math,Counting,Number Theory
3716	Medium	Find Churn Risk Customers	
3717	Medium	Minimum Operations to Make the Array Beautiful	Array,Dynamic Programming
3718	Easy	Smallest Missing Multiple of K	Array,Hash Table
3719	Medium	Longest Balanced Subarray I	Segment Tree,Array,Hash Table,Divide and Conquer,Prefix Sum
3720	Medium	Lexicographically Smallest Permutation Greater Than Target	Greedy,Hash Table,String,Counting,Enumeration
3721	Hard	Longest Balanced Subarray II	Segment Tree,Array,Hash Table,Divide and Conquer,Prefix Sum
3722	Medium	Lexicographically Smallest String After Reverse	Two Pointers,Binary Search,Enumeration
3723	Medium	Maximize Sum of Squares of Digits	Greedy,Math
3724	Medium	Minimum Operations to Transform Array	Greedy,Array
3725	Hard	Count Ways to Choose Coprime Integers from Rows	Array,Math,Dynamic Programming,Combinatorics,Matrix,Number Theory
3726	Easy	Remove Zeros in Decimal Representation	Math,Simulation
3727	Medium	Maximum Alternating Sum of Squares	Greedy,Array,Sorting
3728	Medium	Stable Subarrays With Equal Boundary and Interior Sum	Array,Hash Table,Prefix Sum
3729	Hard	Count Distinct Subarrays Divisible by K in Sorted Array	Array,Hash Table,Prefix Sum
3730	Medium	Maximum Calories Burnt from Jumps	Greedy,Array,Two Pointers,Sorting
3731	Easy	Find Missing Elements	Array,Hash Table,Sorting
3732	Medium	Maximum Product of Three Elements After One Replacement	Greedy,Array,Math,Sorting
3733	Medium	Minimum Time to Complete All Deliveries	Math,Binary Search
3734	Hard	Lexicographically Smallest Palindromic Permutation Greater Than Target	Two Pointers,String,Enumeration
3735	Hard	Lexicographically Smallest String After Reverse II	String,Binary Search,Suffix Array,Hash Function,Rolling Hash
3736	Easy	Minimum Moves to Equal Array Elements III	Array,Math
3737	Medium	Count Subarrays With Majority Element I	Segment Tree,Array,Hash Table,Divide and Conquer,Counting,Prefix Sum,Merge Sort
3738	Medium	Longest Non-Decreasing Subarray After Replacing at Most One Element	Array,Dynamic Programming
3739	Hard	Count Subarrays With Majority Element II	Segment Tree,Array,Hash Table,Divide and Conquer,Prefix Sum,Merge Sort
3740	Easy	Minimum Distance Between Three Equal Elements I	Array,Hash Table
3741	Medium	Minimum Distance Between Three Equal Elements II	Array,Hash Table
3742	Medium	Maximum Path Score in a Grid	Array,Dynamic Programming,Matrix
3743	Hard	Maximize Cyclic Partition Score	Array,Dynamic Programming
3744	Medium	Find Kth Character in Expanded String	String
3745	Easy	Maximize Expression of Three Elements	Greedy,Array,Enumeration,Sorting
3746	Medium	Minimum String Length After Balanced Removals	Stack,String,Counting
3747	Medium	Count Distinct Integers After Removing Zeros	Math,Dynamic Programming
3748	Hard	Count Stable Subarrays	Array,Binary Search,Prefix Sum
3749	Hard	Evaluate Valid Expressions	Stack,Hash Table,Math,String,Divide and Conquer
3750	Easy	Minimum Number of Flips to Reverse Binary String	Bit Manipulation,Math,Two Pointers,String
3751	Medium	Total Waviness of Numbers in Range I	Math,Dynamic Programming,Enumeration
3752	Medium	Lexicographically Smallest Negated Permutation that Sums to Target	Greedy,Array,Math,Two Pointers,Sorting
3753	Hard	Total Waviness of Numbers in Range II	Math,Dynamic Programming
3754	Easy	Concatenate Non-Zero Digits and Multiply by Sum I	Math
3755	Medium	Find Maximum Balanced XOR Subarray Length	Bit Manipulation,Array,Hash Table,Prefix Sum
3756	Medium	Concatenate Non-Zero Digits and Multiply by Sum II	Math,String,Prefix Sum
3757	Hard	Number of Effective Subsequences	Bit Manipulation,Array,Math,Dynamic Programming,Combinatorics
3758	Medium	Convert Number Words to Digits	Trie,String
3759	Medium	Count Elements With at Least K Greater Values	Array,Binary Search,Divide and Conquer,Quickselect,Sorting
3760	Medium	Maximum Substrings With Distinct Start	Hash Table,String
3761	Medium	Minimum Absolute Distance Between Mirror Pairs	Array,Hash Table,Math
3762	Hard	Minimum Operations to Equalize Subarrays	Segment Tree,Array,Math,Binary Search,Sorting
3763	Medium	Maximum Total Sum with Threshold Constraints	Greedy,Array,Sorting,Heap (Priority Queue)
3764	Hard	Most Common Course Pairs	
3765	Medium	Complete Prime Number	Math,Enumeration,Number Theory
3766	Medium	Minimum Operations to Make Binary Palindrome	Bit Manipulation,Array,Two Pointers,Binary Search
3767	Medium	Maximize Points After Choosing K Tasks	Greedy,Array,Sorting,Heap (Priority Queue)
3768	Hard	Minimum Inversion Count in Subarrays of Fixed Length	Segment Tree,Array,Sliding Window
3769	Easy	Sort Integers by Binary Reflection	Array,Sorting
3770	Medium	Largest Prime from Consecutive Prime Sum	Array,Math,Number Theory
3771	Medium	Total Score of Dungeon Runs	Array,Binary Search,Prefix Sum
3772	Hard	Maximum Subgraph Score in a Tree	Tree,Depth-First Search,Array,Dynamic Programming
3773	Medium	Maximum Number of Equal Length Runs	Hash Table,String,Counting
3774	Easy	Absolute Difference Between Maximum and Minimum K Elements	Array,Sorting
3775	Medium	Reverse Words With Same Vowel Count	Two Pointers,String,Simulation
3776	Medium	Minimum Moves to Balance Circular Array	Greedy,Array,Sorting
3777	Hard	Minimum Deletions to Make Alternating Substring	Segment Tree,String
3778	Medium	Minimum Distance Excluding One Maximum Weighted Edge	
3779	Medium	Minimum Number of Operations to Have Distinct Elements	Array,Hash Table
3780	Medium	Maximum Sum of Three Numbers Divisible by Three	Greedy,Array,Sorting,Heap (Priority Queue)
3781	Medium	Maximum Score After Binary Swaps	Greedy,Array,String,Heap (Priority Queue)
3782	Hard	Last Remaining Integer After Alternating Deletion Operations	Recursion,Math
3783	Easy	Mirror Distance of an Integer	Math
3784	Medium	Minimum Deletion Cost to Make All Characters Equal	Array,Hash Table,String,Enumeration
3785	Hard	Minimum Swaps to Avoid Forbidden Values	Greedy,Array,Hash Table,Counting
3786	Hard	Total Sum of Interaction Cost in Tree Groups	Tree,Depth-First Search,Array
3787	Medium	Find Diameter Endpoints of a Tree	Tree,Breadth-First Search,Graph
3788	Medium	Maximum Score of a Split	Array,Prefix Sum
3789	Medium	Minimum Cost to Acquire Required Items	Greedy,Math
3790	Medium	Smallest All-Ones Multiple	Hash Table,Math
3791	Hard	Number of Balanced Integers in a Range	Dynamic Programming
3792	Medium	Sum of Increasing Product Blocks	Math,Simulation
3793	Easy	Find Users with High Token Usage	
3794	Easy	Reverse String Prefix	Two Pointers,String
3795	Medium	Minimum Subarray Length With Distinct Sum At Least K	Array,Hash Table,Sliding Window
3796	Medium	Find Maximum Value in a Constrained Sequence	Greedy,Array
3797	Hard	Count Routes to Climb a Rectangular Grid	Array,Dynamic Programming,Matrix,Prefix Sum
3798	Easy	Largest Even Number	String
3799	Medium	Word Squares II	Array,String,Backtracking,Enumeration,Sorting
3800	Medium	Minimum Cost to Make Two Binary Strings Equal	Greedy,String
3801	Hard	Minimum Cost to Merge Sorted Lists	Bit Manipulation,Array,Two Pointers,Binary Search,Dynamic Programming
3802	Hard	Number of Ways to Paint Sheets	
3803	Easy	Count Residue Prefixes	Hash Table,String
3804	Medium	Number of Centered Subarrays	Array,Hash Table,Enumeration
3805	Medium	Count Caesar Cipher Pairs	Array,Hash Table,Math,String,Counting
3806	Hard	Maximum Bitwise AND After Increment Operations	Greedy,Bit Manipulation,Array,Sorting
3807	Medium	Minimum Cost to Repair Edges to Traverse a Graph	Breadth-First Search,Graph,Binary Search
3808	Medium	Find Emotionally Consistent Users	
3809	Medium	Best Reachable Tower	Array
3810	Medium	Minimum Operations to Reach Target Array	Greedy,Array,Hash Table
3811	Medium	Number of Alternating XOR Partitions	Bit Manipulation,Array,Hash Table,Dynamic Programming
3812	Hard	Minimum Edge Toggles on a Tree	Tree,Depth-First Search,Graph,Topological Sort,Sorting
3813	Easy	Vowel-Consonant Score	String,Simulation
3814	Medium	Maximum Capacity Within Budget	Array,Two Pointers,Binary Search,Sorting
3815	Medium	Design Auction System	
3816	Hard	Lexicographically Smallest String After Deleting Duplicate Characters	Stack,Greedy,Hash Table,String,Monotonic Stack
3817	Medium	Good Indices in a Digit String	
3818	Medium	Minimum Prefix Removal to Make Array Strictly Increasing	Array
3819	Medium	Rotate Non Negative Elements	
3820	Medium	Pythagorean Distance Nodes in a Tree	Tree,Breadth-First Search
3821	Hard	Find Nth Smallest Integer With K One Bits	Bit Manipulation,Math,Combinatorics
3822	Medium	Design Order Management System	Design,Hash Table
3823	Easy	Reverse Letters Then Special Characters in a String	Two Pointers,String,Simulation
3824	Medium	Minimum K to Reduce Array Within Limit	Array,Binary Search
3825	Medium	Longest Strictly Increasing Subsequence With Non-Zero Bitwise AND	
3826	Hard	Minimum Partition Score	Queue,Array,Divide and Conquer,Dynamic Programming,Prefix Sum,Monotonic Queue
3827	Easy	Count Monobit Integers	Bit Manipulation,Enumeration
3828	Medium	Final Element After Subarray Deletions	Brainteaser,Array,Math,Game Theory
3829	Medium	Design Ride Sharing System	Design,Queue,Hash Table,Data Stream
3830	Hard	Longest Alternating Subarray After Removing At Most One Element	Array,Dynamic Programming,Enumeration
3831	Medium	Median of a Binary Search Tree Level	Tree,Depth-First Search,Breadth-First Search,Binary Search Tree,Binary Tree
3832	Hard	Find Users with Persistent Behavior Patterns	
3833	Easy	Count Dominant Indices	Array,Enumeration
3834	Medium	Merge Adjacent Equal Elements	Stack,Array,Simulation
3835	Medium	Count Subarrays With Cost Less Than or Equal to K	Queue,Array,Monotonic Queue
3836	Hard	Maximum Score Using Exactly K Pairs	Array,Dynamic Programming
3837	Medium	Delayed Count of Equal Elements	Array,Hash Table,Counting
3838	Easy	Weighted Word Mapping	Array,String,Simulation
3839	Medium	Number of Prefix Connected Groups	Array,Hash Table,String,Counting
3840	Medium	House Robber V	Array,Dynamic Programming
3841	Hard	Palindromic Path Queries in a Tree	Bit Manipulation,Tree,Depth-First Search,Segment Tree,Array,String,Divide and Conquer
3842	Easy	Toggle Light Bulbs	Array,Hash Table,Sorting,Simulation
3843	Medium	First Element with Unique Frequency	Array,Hash Table,Counting
3844	Medium	Longest Almost-Palindromic Substring	Two Pointers,String,Dynamic Programming
3845	Hard	Maximum Subarray XOR with Bounded Range	Bit Manipulation,Trie,Queue,Array,Prefix Sum,Sliding Window,Monotonic Queue
3846	Medium	Total Distance to Type a String Using One Finger	Hash Table,String
3847	Medium	Find the Score Difference in a Game	Array,Simulation
3848	Medium	Check Digitorial Permutation	Math,Counting
3849	Medium	Maximum Bitwise XOR After Rearrangement	Greedy,Bit Manipulation,String
3850	Hard	Count Sequences to K	Memoization,Array,Math,Dynamic Programming,Number Theory
3851	Medium	Maximum Requests Without Violating the Limit	Greedy,Array,Hash Table,Sorting,Sliding Window
3852	Easy	Smallest Pair With Different Frequencies	Array,Hash Table,Counting
3853	Medium	Merge Close Characters	Hash Table,String
3854	Medium	Minimum Operations to Make Array Parity Alternating	Greedy,Array
3855	Hard	Sum of K-Digit Numbers in a Range	Math,Divide and Conquer,Combinatorics,Number Theory
3856	Easy	Trim Trailing Vowels	String
3857	Medium	Minimum Cost to Split into Ones	Math,Dynamic Programming
3858	Medium	Minimum Bitwise OR From Grid	
3859	Hard	Count Subarrays With K Distinct Integers	Array,Hash Table,Counting,Sliding Window
3860	Medium	Unique Email Groups	Array,Hash Table,String
3861	Easy	Minimum Capacity Box	Array
3862	Medium	Find the Smallest Balanced Index	Array,Prefix Sum
3863	Medium	Minimum Operations to Sort a String	String
3864	Hard	Minimum Cost to Partition a Binary String	String,Divide and Conquer,Prefix Sum
3865	Medium	Reverse K Subarrays	Array,Two Pointers
3866	Easy	First Unique Even Element	Array,Hash Table,Counting
3867	Medium	Sum of GCD of Formed Pairs	Array,Math,Two Pointers,Number Theory,Sorting,Simulation
3868	Medium	Minimum Cost to Equalize Arrays Using Swaps	Greedy,Array,Hash Table,Counting
3869	Hard	Count Fancy Numbers in a Range	Math,Dynamic Programming
3870	Easy	Count Commas in Range	Math
3871	Medium	Count Commas in Range II	Math
3872	Medium	Longest Arithmetic Sequence After Changing At Most One Element	Array,Enumeration
3873	Hard	Maximum Points Activated with One Addition	Union Find,Array,Hash Table
3874	Medium	Valid Subarrays With Exactly One Peak	Array,Math
3875	Easy	Construct Uniform Parity Array I	Array,Math
3876	Medium	Construct Uniform Parity Array II	Array,Math
3877	Medium	Minimum Removals to Achieve Target XOR	Bit Manipulation,Array,Dynamic Programming
3878	Hard	Count Good Subarrays	Stack,Bit Manipulation,Array,Monotonic Stack
3879	Medium	Maximum Distinct Path Sum in a Binary Tree	Tree,Depth-First Search,Hash Table,Binary Tree
3880	Easy	Minimum Absolute Difference Between Two Values	Array,Enumeration
3881	Medium	Direction Assignments with Exactly K Visible People	Math,Combinatorics
3882	Medium	Minimum XOR Path in a Grid	Bit Manipulation,Array,Dynamic Programming,Matrix
3883	Hard	Count Non Decreasing Arrays With Given Digit Sums	Array,Dynamic Programming,Prefix Sum
3884	Easy	First Matching Character From Both Ends	Two Pointers,String
3885	Medium	Design Event Manager	Design,Array,Hash Table,Ordered Set,Heap (Priority Queue)
3886	Hard	Sum of Sortable Integers	Array,Math,Enumeration,Sorting
3887	Hard	Incremental Even-Weighted Cycle Queries	
3888	Hard	Minimum Operations to Make All Grid Elements Equal	Array,Math,Matrix,Prefix Sum
3889	Medium	Mirror Frequency Distance	Hash Table,String,Counting
3890	Medium	Integers With Multiple Sum of Two Cubes	Hash Table,Counting,Enumeration,Sorting
3891	Medium	Minimum Increase to Maximize Special Indices	Greedy,Array,Dynamic Programming,Prefix Sum
3892	Hard	Minimum Operations to Achieve At Least K Peaks	Array,Dynamic Programming
3893	Medium	Maximum Team Size with Overlapping Intervals	
3894	Easy	Traffic Signal Color	Math,String,Simulation
3895	Medium	Count Digit Appearances	Array,Math
3896	Medium	Minimum Operations to Transform Array into Alternating Prime	Array,Math,Two Pointers,Binary Search,Number Theory,Sorting
3897	Hard	Maximum Value of Concatenated Binary Segments	Greedy,Array,Sorting
3898	Easy	Find the Degree of Each Vertex	Graph,Array,Matrix
3899	Medium	Angles of a Triangle	Geometry,Array,Math
3900	Medium	Longest Balanced Substring After One Swap	Hash Table,String,Prefix Sum
3901	Hard	Good Subsequence Queries	Segment Tree,Array,Math,Number Theory
3902	Medium	Zigzag Level Sum of Binary Tree	Tree,Breadth-First Search,Binary Tree
3903	Easy	Smallest Stable Index I	Array,Prefix Sum
3904	Medium	Smallest Stable Index II	Array,Prefix Sum
3905	Medium	Multi Source Flood Fill	Breadth-First Search,Array,Matrix
3906	Hard	Count Good Integers on a Grid Path	Dynamic Programming
3907	Medium	Count Smaller Elements With Opposite Parity	
3908	Easy	Valid Digit Number	Math
3909	Medium	Compare Sums of Bitonic Parts	
3910	Hard	Count Connected Subgraphs with Even Node Sum	Bit Manipulation,Depth-First Search,Breadth-First Search,Union Find,Graph,Array,Enumeration
3911	Hard	K-th Smallest Remaining Even Integer in Subarray Queries	
3912	Easy	Valid Elements in an Array	Array
3913	Medium	Sort Vowels by Frequency	
3914	Medium	Minimum Operations to Make Array Non Decreasing	Greedy,Array
3915	Hard	Maximum Sum of Alternating Subsequence With Distance at Least K	Segment Tree,Array,Dynamic Programming
3916	Hard	Number of ZigZag Arrays III	Math,Dynamic Programming,Prefix Sum
3917	Easy	Count Indices With Opposite Parity	Array
3918	Medium	Sum of Primes Between Number and Its Reverse	Math,Number Theory
3919	Medium	Minimum Cost to Move Between Indices	Greedy,Array,Prefix Sum
3920	Hard	Maximize Fixed Points After Deletions	
3921	Easy	Score Validator	
3922	Medium	Minimum Flips to Make Binary String Coherent	String
3923	Medium	Minimum Generations to Target Point	Array,Hash Table,Simulation
3924	Hard	Minimum Threshold Path With Limited Heavy Edges	
3925	Easy	Concatenate Array With Reverse	Array,Simulation
3926	Medium	Count Valid Word Occurrences	
3927	Medium	Minimize Array Sum Using Divisible Replacements	Greedy,Array,Hash Table,Math,Number Theory
3928	Hard	Minimum Cost to Buy Apples II	Graph,Array,Shortest Path,Heap (Priority Queue)
3929	Hard	Minimum Partition Score II	Array,Binary Search,Dynamic Programming,Prefix Sum
3930	Hard	Power Update After K-th Largest Insertion II	Segment Tree,Array,Hash Table,Math,Sorting
3931	Easy	Check Adjacent Digit Differences	String
3932	Medium	Count K-th Roots in a Range	Math,Binary Search
3933	Medium	Largest Local Values in a Matrix II	Array,Matrix,Prefix Sum
3934	Hard	Smallest Unique Subarray	Array,Hash Table,Binary Search,Suffix Array,Hash Function,Rolling Hash
3935	Medium	Power Update After K-th Largest Insertion I	Segment Tree,Array,Hash Table,Math,Sorting,Heap (Priority Queue)
3936	Easy	Minimum Swaps to Move Zeros to End	Array,Two Pointers
3937	Medium	Minimum Operations to Make Array Modulo Alternating I	Array,Enumeration
3938	Medium	Maximum Path Intersection Sum in a Grid	Array,Dynamic Programming,Matrix,Prefix Sum
3939	Hard	Count Non Adjacent Subsets in a Rooted Tree	Tree,Depth-First Search,Array,Dynamic Programming
3940	Easy	Limit Occurrences in Sorted Array	Array,Two Pointers
3941	Medium	Password Strength	Hash Table,String
3942	Medium	Minimum Operations to Sort a Permutation	Array
3943	Hard	Number of Pairs After Increment	Array,Hash Table,Divide and Conquer,Counting
3944	Hard	Minimum Operations to Make Array Modulo Alternating II	Array,Enumeration
3945	Easy	Digit Frequency Score	Hash Table,Math
3946	Medium	Maximum Number of Items From Sale I	Greedy,Array,Dynamic Programming
3947	Medium	Maximum Number of Items From Sale II	Greedy,Array,Sorting,Heap (Priority Queue)
3948	Hard	Lexicographically Maximum MEX Array	Greedy,Queue,Array,Hash Table
3949	Hard	Subtree Inversion Sum II	Tree,Depth-First Search,Array,Dynamic Programming
3950	Easy	Exactly One Consecutive Set Bits Pair	Bit Manipulation
3951	Medium	Minimum Energy to Maintain Brightness	Array,Sorting
3952	Medium	Maximum Total Value of Covered Indices	Greedy,Array,String,Dynamic Programming
3953	Hard	Maximum Score with Co-Prime Element	Array,Hash Table,Math,Combinatorics,Enumeration,Number Theory
3954	Easy	Sum of Compatible Numbers in Range I	Bit Manipulation,Dynamic Programming,Enumeration
3955	Medium	Valid Binary Strings With Cost Limit	Bit Manipulation,String,Backtracking,Enumeration
3956	Hard	Maximum Sum of M Non-Overlapping Subarrays I	Queue,Array,Binary Search,Dynamic Programming,Prefix Sum,Sliding Window,Monotonic Queue
3957	Hard	Maximum Sum of M Non-Overlapping Subarrays II	Queue,Array,Binary Search,Dynamic Programming,Prefix Sum,Sliding Window,Monotonic Queue
3958	Medium	Minimum Cost to Split into Ones II	Math
3959	Easy	Check Good Integer	
3960	Medium	Frequency Balance Subarray	
3961	Medium	Maximize Sum of Device Ratings	
3962	Hard	Maximum Subarray Sum After at Most K Swaps	
3963	Easy	Create Grid With Exactly One Path	
3964	Medium	Minimum Lights to Illuminate a Road	
3965	Medium	Finish Time of Tasks I	
3966	Hard	Count Good Integers in a Range	
3967	Hard	Finish Time of Tasks II	
3968	Medium	Maximum Manhattan Distance After All Moves	Math,String,Counting
3969	Medium	Valid Subarrays With Matching Sum Digits I	Array,Hash Table,Enumeration,Prefix Sum,Sliding Window
3970	Medium	Shortest Path With At Most K Consecutive Identical Characters	Graph,String,Shortest Path,Heap (Priority Queue)
3971	Hard	Maximum Total Value	Greedy,Array,Math,Binary Search
3972	Hard	Valid Subarrays With Matching Sum Digits II	Array,Hash Table,Prefix Sum,Sliding Window
3973	Hard	Distinct Gate Paths to LCA	Bit Manipulation,Tree,Depth-First Search,Array,Math,Dynamic Programming
3974	Medium	Maximum Total Sum of K Selected Elements	Greedy,Array,Sorting
3975	Medium	Filter Occupied Intervals	Array,Sorting
3976	Medium	Maximum Subarray Sum After Multiplier	Array,Dynamic Programming
3977	Hard	Minimum Time to Reach Target With Limited Power	Graph,Array,Dynamic Programming,Shortest Path,Heap (Priority Queue)
3978	Easy	Unique Middle Element	
3979	Medium	Maximum Valid Pair Sum	
3980	Medium	Minimum Operations to Transform Binary String	
3981	Hard	Count Distinct Ways to Form Target from Two Strings	
3982	Easy	Sum of Integers with Maximum Digit Range	
3983	Medium	Subsequence After One Replacement	
3984	Medium	Divisible Game	
3985	Hard	Palindromic Subarray Sum	
3986	Easy	Number of Elapsed Seconds Between Two Times	
3987	Medium	Minimum Total Cost to Process All Elements	
3988	Medium	Create Grid With Exactly K Paths I	
3989	Hard	Maximum Consistent Columns in a Grid	
3990	Hard	Create Grid With Exactly K Paths II	
3991	Medium	Sort Array Using Prefix Reversals	
3992	Easy	Rearrange String to Avoid Character Pair	
3993	Medium	Maximum Value of an Alternating Sequence	
3994	Medium	Minimum Adjacent Swaps to Partition Array	
3995	Hard	Minimum Cost to Convert String III	
3996	Easy	Even Number of Knight Moves	
3997	Medium	Count Dominant Nodes in a Binary Tree	
3998	Medium	Transform Binary String Using Subsequence Sort	
3999	Hard	Minimum Number of String Groups Through Transformations	
4000	Easy	Largest Integer With Given Digit Sum	Greedy,Math
4001	Medium	Aggregate Two Time Series	Array,Two Pointers
4002	Medium	Count Valid Sequences	Math,Combinatorics
4003	Hard	Minimum Cost Path with Alternating Directions III	Graph,Array,Matrix,Shortest Path,Heap (Priority Queue)
4004	Hard	Minimum Moves to Balance Circular Array II	Graph,Array,Math,最小费用流
4005	Hard	Minimum Operations to Make Array Equal III	Array,Hash Table,Math,Counting,Number Theory
4006	Easy	Count Valid Prefixes	String,Counting
4007	Medium	Widest Possible Fence	Array,Hash Table,Counting,Enumeration
4008	Medium	Minimum Initial Strength to Defeat All Monsters	Greedy,Array,Binary Search,Prefix Sum
4009	Hard	Minimum Possible Maximum Waiting Time	Memoization,Array,Dynamic Programming
4010	Easy	Maximize Pair Strength Using GCD	Array,Math,Enumeration,Number Theory
4011	Medium	Count Subarrays With Even Odd Ratio I	Binary Indexed Tree,Segment Tree,Array,Divide and Conquer,Prefix Sum,Merge Sort
4012	Medium	Count of Unfinished Tasks After Each Shift	Array,Binary Search,Prefix Sum
4013	Hard	Count Subarrays With Even Odd Ratio II	Binary Indexed Tree,Segment Tree,Array,Divide and Conquer,Prefix Sum,Merge Sort
4014	Medium	Minimum Total Price After Applying Discounts	
4015	Medium	Weighted Sum of a Tree	Tree,Depth-First Search,Array
4016	Medium	Maximum Area of Two Non-Overlapping Square Submatrices	Array,Binary Search,Dynamic Programming,Matrix
4017	Hard	Peaks in Array II	Segment Tree,Array,Divide and Conquer
4018	Hard	Total Sum of Interaction Cost in Tree Groups II	Tree,Depth-First Search,Array,Sorting
4019	Medium	Merge Close Characters II	Hash Table,String
4020	Easy	Elevator Requests I	Array,Simulation
4021	Medium	Minimum Operations to Make a Rotated Palindrome I	Math,String,Enumeration
4022	Medium	K-th Digit in Infinite String	Math,Binary Search
4023	Hard	Elevator Requests II	Array,Dynamic Programming,Sorting
4024	Easy	Nearest Available Drone	Array,Enumeration
4025	Medium	Minimize the Maximum Waiting Time at Synchronized Traffic Lights	Greedy,Array
4026	Medium	Maximum Gap Between Stations	Greedy,Two Pointers,String
4027	Hard	Elevator Requests III	Bit Manipulation,Array,Dynamic Programming,Bitmask,Sorting
4028	Hard	Minimum Operations to Make a Rotated Palindrome II	Math,String
4029	Hard	Elevator Requests IV	
4030	Easy	Check ASCII Palindromic	String,Simulation
4031	Medium	Find All Numbers Disappeared in an Array II	Array,Sorting
4032	Medium	Longest Subarray With at Most K Distinct Prime Factors	
4033	Hard	Valid K-Unique Subarrays I	
